date,open,close,high,low,volume
2015-11-19,107.3600,106.2600,107.7300,105.9500,25520599
2015-11-18,105.8000,107.7700,107.8800,105.3900,23836526
2015-11-11,108.2700,109.0100,109.8700,107.1100,25057099
2015-11-10,105.9600,107.9100,108.1500,105.2400,25031681
2015-11-13,107.7100,103.9500,108.2500,103.8300,30278403
2015-11-12,108.4800,108.0200,109.3900,108.0000,20924674
2015-11-17,104.6200,105.1300,106.2000,104.1400,26774146
2015-11-16,103.3200,104.0400,104.1700,100.4700,49309167
2015-12-14,102.2850,104.6600,104.7400,101.4600,24813496
2015-12-15,105.3000,104.5500,105.8000,104.2800,21764331
2015-12-16,105.3700,106.7900,107.0900,104.1900,22680547
2015-12-17,107.4900,106.2200,107.7500,106.1300,21675686
2015-12-10,105.0500,105.4200,106.4000,104.4100,17454312
2015-12-11,104.1500,102.1200,104.3400,101.9100,26427727
2013-01-07,28.6900,29.4213,29.7900,28.6500,83781800
2013-01-09,29.6700,30.5900,30.6000,29.4900,104787700
2013-01-08,29.5100,29.0607,29.6000,28.8600,45871300
2015-12-18,106.0800,104.0400,106.5900,103.9700,35994199
2014-03-31,60.7800,60.2400,61.5200,59.8700,53011000
2016-09-08,130.9200,130.2700,131.0800,129.8100,15676595
2016-09-09,129.7100,127.1000,129.9490,127.1000,27100679
2016-09-06,126.6700,129.7300,129.9400,126.4700,26278407
2016-09-07,130.0400,131.0500,131.9800,129.9500,27990796
2016-09-01,126.3800,126.1700,126.6300,125.6000,13536125
2016-09-02,126.8500,126.5100,126.8600,126.0000,12118773
2017-04-17,139.7600,141.4200,141.5500,139.7500,11519663
2017-04-11,140.8000,139.9200,141.0300,138.8100,16638087
2017-04-10,141.0000,141.0400,141.4300,140.6300,9039366
2017-04-13,139.6200,139.3900,140.5800,139.3300,10965614
2017-04-12,139.7200,139.5800,140.4000,139.4400,11612456
2017-04-19,141.3500,142.2700,143.0400,141.2700,15563945
2017-04-18,141.2700,140.9600,141.9100,140.6100,14807472
2017-08-24,168.8800,167.7400,169.2900,166.4100,13552865
2017-08-25,167.8600,166.3200,168.3800,166.1800,12391910
2017-03-09,137.7200,138.2400,138.5700,137.4000,15535259
2017-03-08,137.1500,137.7200,137.9900,137.0500,10184514
2016-05-31,119.4600,118.8100,120.1000,118.1210,23547597
2017-08-21,167.1600,167.7800,168.0000,165.8200,11880823
2017-08-22,168.2800,169.6400,169.8700,167.1500,11333260
2017-08-23,168.8400,168.7100,169.3600,168.2000,9756817
2017-03-03,136.6300,137.1700,137.3300,136.0800,11160563
2017-03-02,137.0900,136.7600,137.8200,136.3100,12294804
2017-03-01,136.4700,137.4200,137.4800,136.3000,16257010
2017-03-07,137.0300,137.3000,138.3700,136.9900,13527132
2017-03-06,136.8800,137.4200,137.8300,136.5100,12748179
2014-08-08,73.4000,73.0600,73.4300,72.5600,27155700
2014-08-01,72.2200,72.3600,73.2200,71.5500,43456400
2014-08-05,73.2000,72.6900,73.5900,72.1800,34820400
2014-08-04,72.3600,73.5100,73.8800,72.3600,30656900
2014-08-07,73.0000,73.1700,74.0000,72.7000,38093400
2014-08-06,72.0200,72.4700,73.7200,71.7900,30940200
2014-11-14,74.2700,74.8800,74.9300,74.0400,19476878
2014-11-17,74.8800,74.2400,75.6550,73.8800,28701191
2014-11-10,75.3600,75.0000,75.4799,74.6100,21575126
2014-11-11,74.9500,74.6100,74.9800,74.0300,18735123
2014-11-12,74.2800,74.7200,75.1400,73.5400,26536609
2014-11-13,74.7400,74.2500,75.2400,73.6400,26448451
2014-11-18,74.4500,74.3400,74.8000,73.9000,20696643
2014-11-19,74.0100,73.3300,74.5400,73.1100,25441163
2014-12-19,78.7500,79.8800,80.0000,78.3300,43334992
2014-12-18,76.8900,78.4000,78.4000,76.5100,34222081
2014-12-11,76.5200,77.7300,78.5200,76.4800,33492661
2014-12-10,76.6500,76.1800,77.5500,76.0700,32210532
2014-12-12,77.1600,77.8300,78.8800,77.0200,28091617
2014-12-15,78.4600,76.9900,78.5800,76.5600,29396532
2014-12-17,75.0100,76.1100,76.4100,74.9000,29203904
2014-12-16,76.1900,74.6900,77.3900,74.5900,31554593
2013-10-29,50.7300,49.3950,50.7900,49.2500,102143000
2013-10-28,51.5400,50.2290,51.7000,49.6100,73472000
2013-10-25,53.1800,51.9500,53.2400,51.8800,45085000
2013-10-24,52.3800,52.4450,52.8400,51.5928,46775000
2013-10-21,54.6800,53.8500,54.8100,53.5100,58235000
2013-10-23,51.7500,51.9000,52.2500,51.1300,57207000
2013-10-22,54.3300,52.6750,54.7600,52.2000,83204000
2012-07-17,28.4800,28.0900,28.5900,27.1500,30438600
2012-07-16,30.5000,28.2450,30.5000,28.2100,24672100
2012-07-11,31.4800,30.9700,31.5600,30.5500,13030300
2012-07-10,32.4300,31.4700,32.4800,31.1599,14269500
2012-07-13,31.0400,30.7200,31.0700,30.5600,8108300
2012-07-12,30.7000,30.8100,31.4000,30.6000,11300700
2012-07-19,29.4100,29.0000,29.5000,28.6300,13685100
2012-07-18,28.3100,29.1100,29.2900,28.1500,16841800
2014-08-21,74.9200,74.5700,75.1900,74.4149,20075900
2014-08-20,74.9700,74.8100,75.1800,74.6200,22878000
2016-06-09,118.1300,118.5600,118.6800,117.7100,13859240
2016-06-08,117.7600,118.3900,118.6000,117.2700,14505596
2012-12-03,27.9999,27.0400,28.8800,26.9800,123526100
2012-12-04,27.0600,27.4600,27.7600,26.6800,72869200
2012-12-05,27.7500,27.7100,27.9000,27.2600,58976300
2012-12-06,27.6800,26.9700,27.7500,26.8200,46001500
2012-12-07,27.0700,27.4850,27.7800,26.8400,51751900
2017-06-20,152.8800,152.2500,153.8400,152.2100,14557895
2015-05-01,79.2400,78.9900,79.7600,78.1100,24136358
2017-06-21,152.3600,153.9100,154.0800,151.8800,14760242
2015-05-07,78.0000,78.4250,78.9400,77.5600,19749428
2015-05-06,77.9700,78.1000,78.8100,77.0500,28663026
2015-05-05,78.5500,77.5600,78.8000,77.2200,22311318
2015-05-04,79.3300,78.8100,79.6900,78.6301,14691991
2017-06-26,156.2500,153.5900,156.5000,153.2000,17934289
2015-05-08,79.1000,78.5100,79.2300,78.0300,19943595
2014-04-16,59.7900,59.7200,60.1900,57.7400,78774000
2014-04-17,59.3000,58.9400,60.5800,58.7200,88040000
2014-04-14,60.0900,58.8900,60.4500,57.7800,72325000
2014-04-15,59.2900,59.0900,59.6800,55.8800,108623000
2014-04-10,63.0800,59.1600,63.1800,58.6800,114988000
2014-04-11,57.6000,58.5300,60.3100,57.3100,91452000
2015-01-12,77.8400,76.7200,78.0000,76.2100,19190194
2015-01-13,77.2300,76.4500,78.0800,75.8500,25179561
2015-01-14,76.4200,76.2800,77.2000,76.0291,25918564
2015-01-15,76.4000,74.0500,76.5700,73.5400,34133974
2015-01-16,74.0400,75.1800,75.3200,73.8400,21791529
2012-11-29,26.5000,27.3200,27.5200,26.1600,88759700
2012-11-28,25.9400,26.3600,26.4900,25.7500,49205600
2012-11-27,26.0400,26.1500,26.5000,25.4600,85760600
2012-11-26,24.9350,25.9400,26.0900,24.8100,123865000
2012-11-23,24.5800,23.9980,24.6800,23.8800,29520900
2012-11-21,23.2200,24.3200,24.5300,23.0500,89862400
2012-11-20,22.7300,23.1000,23.9000,22.7000,46655300
2015-11-24,106.0000,105.7400,106.4900,104.3900,23577293
2015-11-25,106.3300,105.4100,106.6000,105.1000,15150785
2015-11-27,105.7800,105.4500,105.9600,104.8600,5913066
2015-11-20,106.8400,107.3200,107.8700,106.6200,22129648
2015-11-23,107.1900,106.9500,107.4680,106.0800,19897220
2013-05-30,24.1300,24.5500,24.7790,23.9300,60733200
2013-05-31,24.6300,24.3480,24.9500,24.2700,35925000
2015-12-09,106.1800,104.6000,106.4400,103.5500,23517268
2015-12-08,104.0000,106.4900,106.9100,103.9500,20401791
2015-12-03,106.2700,104.3800,106.8500,103.3500,23236485
2015-12-02,107.0000,106.0700,107.9200,105.7900,24429063
2015-12-01,104.8300,107.1200,107.1500,104.5000,22781868
2015-12-07,106.4800,105.6100,106.8300,104.6600,15474890
2013-01-03,27.8800,27.7700,28.4700,27.5900,63140600
2015-12-04,104.8100,106.1800,107.7300,104.1100,21224721
2013-01-02,27.4400,28.0000,28.1800,27.4200,69846400
2013-01-30,30.9800,31.2400,31.4900,30.8800,87682100
2013-01-31,29.1500,30.9810,31.4700,28.7400,190744900
2013-01-04,28.0100,28.7600,28.9300,27.8300,72715400
2014-03-04,68.6600,68.8000,68.9000,67.6200,42013500
2014-03-05,69.6900,71.5700,71.9700,69.6200,74567700
2014-03-06,71.8800,70.8400,71.8900,70.2500,46026500
2014-03-07,71.0800,69.8000,71.1800,69.4700,38927000
2014-03-03,66.9600,67.4100,68.0500,66.5100,56824100
2016-10-06,128.4300,128.7400,129.0600,128.0800,11682729
2016-10-07,129.0400,128.9900,129.2500,128.3300,12804420
2016-10-04,129.1700,128.1900,129.2765,127.5499,14307548
2016-10-05,128.2500,128.4700,128.8000,127.8300,12386753
2016-10-03,128.3800,128.7700,129.0900,127.8000,13156943
2016-09-13,128.0300,127.2100,128.3500,126.6600,18016152
2016-09-12,125.9600,128.6900,128.7600,125.7500,21252752
2016-09-16,128.2000,129.0700,129.1800,128.2000,24119174
2016-09-15,127.9800,128.3500,129.1000,127.6700,15111838
2016-09-14,126.8900,127.7700,128.8000,126.8900,15720388
2017-04-20,142.9500,143.8000,144.2500,142.6900,15968164
2017-04-21,143.9000,143.6800,144.1700,142.2700,12382002
2016-09-19,129.9100,128.6500,129.9400,128.2600,14958794
2017-04-24,144.9600,145.4700,145.6700,144.3400,14397448
2017-04-25,145.7900,146.4900,147.1500,145.7900,17684833
2017-04-26,147.0900,146.5600,147.5900,146.0900,11324335
2017-04-27,146.6700,147.7000,147.7500,146.1400,10561420
2013-11-29,46.7500,47.0100,47.2100,46.5000,22953900
2016-05-09,119.5400,119.2400,120.2800,118.9000,21138059
2016-05-02,117.8300,118.5700,118.7300,116.5700,28095168
2017-08-30,168.1700,169.9200,170.1800,167.6300,10850005
2016-05-04,116.6100,118.0600,118.3000,116.5700,23448440
2016-05-05,118.0400,117.8100,118.9800,117.2500,22056749
2016-05-06,117.1600,119.4900,119.6370,117.1127,26395568
2016-06-16,113.8700,114.3900,114.5000,112.9400,19236255
2016-06-17,114.4200,113.0200,114.4300,112.5600,24644308
2016-06-14,114.0700,114.9400,114.9500,113.5800,17618479
2016-06-15,115.3000,114.6000,115.4400,114.0700,19819432
2016-06-13,115.0000,113.9500,115.4800,113.3100,31718239
2016-06-10,117.5400,116.6200,118.1100,116.2600,18510826
2013-11-25,46.3600,44.8200,46.6500,44.0400,82565000
2014-12-29,80.4900,80.0200,80.9600,79.7100,14134666
2014-12-24,81.0300,80.7700,81.4300,80.7500,7685481
2014-12-26,81.0200,80.7750,81.2800,80.5100,10647388
2014-12-22,80.0800,81.4500,81.8900,80.0000,31395770
2014-12-23,82.0200,80.6100,82.1700,80.4000,19865820
2015-09-30,88.4400,89.9000,90.0200,88.0100,35159225
2013-10-10,47.8650,49.0500,49.6800,47.8300,99774000
2013-10-11,49.1800,49.1100,49.8700,48.7900,58428000
2013-10-14,48.3100,49.5100,49.6300,47.9100,68781000
2013-10-15,49.9900,49.5000,51.0000,49.1800,81167000
2013-10-16,50.0400,51.1350,51.2400,49.9000,64678000
2013-10-17,51.1200,52.2100,52.2200,50.9500,71522000
2013-10-18,54.1800,54.2200,54.8250,53.6000,88260000
2012-07-23,28.1200,28.7500,29.0000,28.0100,12390700
2012-07-24,28.8200,28.4500,29.4500,28.1000,11539800
2012-07-25,28.3900,29.3400,29.4900,28.0800,17230200
2012-07-26,27.7500,26.8450,28.2300,26.7300,64597400
2012-07-27,23.1900,23.7050,24.5400,22.2800,123102300
2014-11-03,75.4700,73.8800,75.5200,73.7000,40727330
2014-11-07,75.3900,75.6000,75.8550,75.0200,20774381
2014-11-06,74.8900,75.2600,75.6000,74.3100,21383194
2014-11-05,76.5100,74.8300,76.8000,74.4200,35912588
2014-11-04,74.2300,75.7600,75.7700,73.6500,39326471
2012-12-17,26.7700,26.7500,27.0000,26.3200,57742500
2016-01-05,102.8900,102.7300,103.7099,101.6650,23258238
2016-01-06,101.1300,102.9700,103.7700,100.9000,25096183
2012-12-14,28.1800,26.8120,28.3300,26.7600,91631600
2012-12-13,27.5900,28.2400,28.7500,27.4300,81051600
2012-12-12,28.0000,27.5801,28.1400,27.3700,46704200
2012-12-11,28.0700,27.9800,28.2400,27.6600,77099100
2012-12-10,27.1700,27.8400,28.1700,27.1000,50608500
2016-01-08,99.8800,97.3300,100.5000,97.0311,35402298
2012-12-19,27.8300,27.4100,28.2200,26.9500,61390300
2012-12-18,26.9600,27.7100,27.9100,26.9000,60512900
2014-04-04,59.9400,56.7490,60.2000,56.3200,125214400
2014-04-07,55.9000,56.9500,58.0000,55.4400,108488000
2014-04-01,60.4600,62.6200,62.6600,60.2400,59291000
2015-01-09,78.2000,77.7400,78.6200,77.2000,21004109
2014-04-02,63.2100,62.7200,63.9100,62.2100,66277000
2015-01-07,76.7600,76.1500,77.3600,75.8200,22045333
2015-01-06,77.2300,76.1500,77.5900,75.3650,27399288
2015-01-05,77.9800,77.1900,79.2455,76.8600,26452191
2014-04-09,59.6300,62.4100,62.4558,59.1882,100215000
2015-01-02,78.5800,78.4500,78.9300,77.7000,18177475
2013-06-03,24.2650,23.8480,24.3200,23.7100,35733800
2013-06-04,23.8900,23.5200,23.9300,23.3200,34760800
2013-06-05,23.3500,22.8990,23.7050,22.7900,53819700
2013-06-06,22.9900,22.9700,23.0900,22.6700,31260700
2013-06-07,23.0300,23.2910,23.4000,22.8600,38699200
2016-02-23,106.8500,105.4600,107.4700,105.1200,25319315
2016-02-22,105.4900,107.1600,108.2500,105.3400,35709714
2016-02-26,108.7000,107.9200,109.4500,107.1600,26686193
2016-02-25,107.1100,108.0700,108.0700,105.6100,29906278
2016-02-24,104.2100,106.8800,106.9500,102.7400,34412437
2014-07-24,75.9600,74.9800,76.7400,74.5100,124006900
2014-07-25,74.9900,75.1900,75.6700,74.6620,45823100
2014-07-22,69.7600,69.2700,69.7700,68.6100,40301800
2014-07-23,69.7400,71.2900,71.3300,69.6100,77435900
2014-07-21,68.8100,69.4000,69.9600,68.5000,49431600
2015-11-30,105.8400,104.2400,106.0999,103.7500,20383179
2013-05-29,23.7900,23.3200,23.8100,23.2600,64237800
2013-05-28,24.5400,24.1000,24.5400,23.9200,50079700
2013-05-24,24.9700,24.3125,24.9700,24.0800,58727900
2013-05-23,24.8000,25.0600,25.5300,24.7700,37663100
2013-05-22,25.6500,25.1590,25.8500,24.9200,45314500
2013-05-21,25.8700,25.6600,26.0750,25.5900,26261300
2013-05-20,26.1800,25.7590,26.1900,25.6900,42402900
2013-01-29,32.0000,30.7900,32.0700,30.7100,72976500
2013-01-28,31.8800,32.4690,32.5063,31.8100,59682500
2013-01-23,31.1000,30.8200,31.5000,30.8000,48899800
2013-01-22,29.7500,30.7290,30.8900,29.7400,55243300
2013-01-25,31.4100,31.5400,31.9300,31.1300,54363600
2013-01-24,31.2700,31.0800,31.4900,30.8100,43845100
2014-03-13,71.2900,68.8300,71.3500,68.1500,57091000
2014-03-12,69.8600,70.8799,71.3500,69.0000,46340500
2014-03-11,72.5000,70.1000,72.5900,69.9600,59408300
2014-03-10,70.7700,72.0300,72.1500,70.5100,59871600
2014-03-17,68.1800,68.7399,68.9500,66.6200,52197000
2014-03-14,68.4900,67.7200,69.4300,67.4600,48227000
2014-03-19,69.1700,68.2400,69.2900,67.4650,43981000
2014-03-18,68.7600,69.1900,69.6000,68.3000,40827000
2013-10-09,47.3750,46.7700,47.8400,45.2600,147297000
2012-07-30,23.9950,23.1500,24.0400,23.0300,29285900
2016-10-19,128.7400,130.1100,130.4700,128.6000,16752321
2016-10-18,128.6800,128.5700,129.3900,128.0100,13503967
2016-10-14,128.4900,127.8800,128.9500,127.5800,13345292
2016-10-17,128.2000,127.5400,128.4700,127.3200,11351681
2016-10-11,130.2300,128.8800,130.6400,128.2300,17537928
2016-10-10,129.6800,130.2400,130.7000,129.2000,15138720
2016-10-13,128.2100,127.8200,128.2500,126.7500,17139306
2016-10-12,129.0100,129.0500,129.6600,128.4600,11072991
2016-05-19,117.0500,116.8100,117.4900,115.8800,20544109
2016-05-18,116.8000,117.6500,118.2700,116.7300,21642299
2016-05-17,118.8200,117.3500,119.0100,117.2000,21328648
2016-05-16,119.3800,118.6700,119.6100,117.3500,31247834
2016-05-13,120.3800,119.8100,120.6400,119.6800,18124286
2016-05-12,119.9800,120.2800,120.8400,118.9000,22035465
2016-05-11,120.4100,119.5200,121.0800,119.4200,22038396
2016-05-10,119.6200,120.5000,120.5000,114.8000,23220046
2014-08-22,74.3400,74.5700,74.7300,73.5700,20874600
2017-06-28,150.9200,153.2400,153.4700,149.8600,16621566
2017-06-29,152.2800,151.0400,152.5000,148.9200,23771610
2014-08-27,75.2700,74.6300,75.4900,74.4600,36238700
2014-08-26,75.0000,75.9601,75.9900,74.7300,23886100
2014-08-25,74.9400,75.0200,75.2800,74.7900,19691100
2017-06-22,153.0100,153.4000,154.5500,152.9100,12783958
2017-06-23,152.7200,155.0700,155.2000,152.6500,16192249
2016-06-07,119.2400,117.7600,119.3000,117.6700,17103023
2016-06-06,118.6200,118.7900,119.4300,118.3600,12744676
2016-06-01,118.5000,118.7800,119.0800,117.8200,15029494
2017-06-27,152.8400,150.5800,153.3100,150.3900,19274022
2016-06-03,118.9750,118.4700,118.9800,117.8600,14135114
2016-06-02,118.6900,118.9300,119.4400,118.2200,13228310
2016-12-28,118.1900,116.9200,118.2500,116.6500,12087377
2014-12-31,79.5400,78.0200,79.8000,77.8600,20040439
2014-12-30,79.8500,79.2200,80.5900,79.1000,14370763
2015-09-29,89.1000,86.6700,90.0600,85.7200,42281838
2015-09-28,92.0800,89.2100,92.2900,88.1800,40914897
2015-09-25,95.7900,92.7700,95.8500,92.0600,28961622
2015-09-24,93.0600,94.4100,94.7650,92.2400,29105964
2015-09-21,94.6200,95.5500,96.4900,94.5200,28789973
2015-09-23,93.4000,93.9700,94.3200,92.8000,21701427
2015-09-22,93.7700,92.9600,94.6800,91.9200,36888893
2017-11-01,182.3600,182.6600,182.9000,180.5700,28922959
2017-11-02,180.6300,178.9200,181.9400,177.3400,35119841
2017-11-03,179.2900,178.9200,179.8600,176.7100,17572587
2017-11-06,178.5600,180.1700,180.4500,178.3100,13065077
2017-11-07,180.5000,180.2500,180.7500,178.9600,12679885
2017-11-08,179.7900,179.5600,180.3500,179.1100,10494149
2017-11-09,178.3100,179.3000,179.4000,177.0900,12460345
2013-10-07,50.7300,50.5150,51.2900,50.4000,57204000
2013-10-04,49.7700,51.0400,51.1600,49.5700,74447000
2013-10-03,50.4700,49.1830,50.7200,49.0600,82045000
2013-10-02,50.1300,50.2800,51.1000,49.9500,62834000
2013-10-01,49.9700,50.4200,51.0300,49.4500,98114000
2012-07-31,23.3700,21.7100,23.3700,21.6100,56179400
2013-10-08,50.6000,47.1400,50.6000,47.0800,136081000
2016-01-19,96.5300,95.2600,97.4200,93.9200,30998256
2016-01-13,100.5800,95.4400,100.5800,95.2100,33410553
2016-01-12,99.0000,99.3700,99.9600,97.5500,28395390
2016-01-11,97.9100,97.5100,98.6000,95.3900,29932385
2016-01-15,93.9800,94.9700,96.3800,93.5400,46132781
2016-01-14,95.8500,98.3700,98.8700,92.4500,48658623
2015-06-02,79.7600,80.4450,81.3500,79.5600,18923300
2015-06-03,81.3500,82.4400,82.5300,81.2500,31774993
2015-06-01,79.3000,80.2900,80.3800,78.6600,18119012
2015-06-04,82.1400,82.0500,82.9500,81.5100,20863877
2015-06-05,81.8700,82.1400,82.4600,81.5100,16143093
2015-06-08,81.8200,80.6700,82.0000,80.1300,16915471
2015-06-09,80.6000,80.6700,81.1900,79.3200,16497538
2014-04-30,57.5800,59.7800,59.8500,57.1600,76093000
2013-06-17,23.9100,24.0220,24.2500,23.7500,33664500
2013-06-14,23.5600,23.6300,23.8900,23.2600,30677100
2013-06-13,23.7200,23.7300,23.8300,23.2650,31189300
2013-06-12,24.1600,23.7700,24.2600,23.5800,26445800
2013-06-11,24.0300,24.0300,24.3500,24.0000,29885900
2013-06-10,24.0600,24.3300,24.6000,23.9900,58393000
2015-02-06,75.6800,74.4700,75.7000,74.2500,21210994
2017-08-28,166.9100,167.2400,167.7000,166.3300,8360380
2015-02-04,75.0900,75.6300,76.3500,75.0100,20277368
2015-02-05,75.7100,75.6150,75.9800,75.2100,15062573
2015-02-02,76.1100,74.9900,76.1400,73.7500,41955258
2015-02-03,75.1900,75.4000,75.5800,73.8600,26957714
2013-06-19,24.2000,24.3090,25.1900,24.1000,31790600
2013-06-18,24.0900,24.2100,24.6900,24.0800,36709100
2012-09-26,20.1450,20.6200,20.7800,19.8000,38271900
2012-09-27,20.9900,20.3200,21.0000,20.1600,30215900
2012-09-24,21.7800,20.7900,21.9800,20.3625,79106500
2012-09-25,21.2000,20.2800,21.2100,20.2200,46291700
2012-09-20,23.0200,22.5900,23.2400,22.5400,57248900
2012-09-21,22.9700,22.8600,23.2400,22.6000,51218100
2014-07-31,74.0000,72.6500,74.1650,72.4400,43909200
2014-07-30,74.2100,74.6770,75.1900,74.1300,36823000
2012-09-28,20.5700,21.6600,21.9500,20.5000,65486000
2012-06-01,28.8920,27.7200,29.1500,27.3900,41855500
2016-11-25,121.0100,120.3800,121.1400,120.0700,8658605
2012-06-06,26.0700,26.8100,27.1700,25.5200,61489200
2012-06-08,26.5500,27.1000,27.7600,26.4400,38034000
2014-10-24,80.2000,80.6700,80.8183,79.3200,32247520
2016-10-20,130.0700,130.0000,130.6600,129.5000,13167503
2016-10-21,129.7800,132.0700,132.1300,129.7000,19088794
2016-10-24,132.7200,133.2800,133.4050,132.1500,17470227
2016-10-25,133.5000,132.2900,133.5000,132.2200,13336787
2016-10-26,131.6400,131.0400,132.2600,130.9350,13084731
2016-10-27,131.7400,129.6900,131.8000,129.2700,16741393
2016-10-28,130.5000,131.2900,132.9700,129.9300,24545547
2016-06-30,114.6700,114.2800,115.1800,113.6700,23192716
2017-06-30,151.9000,150.9800,151.9200,150.0600,14540013
2015-02-09,74.0500,74.4400,74.8300,73.4500,16194322
2015-09-10,90.0700,91.9800,92.0600,89.6300,26437398
2015-09-11,91.6800,92.0500,92.0800,91.1300,21185049
2015-09-14,92.3100,92.3100,92.6200,91.6000,20127871
2015-09-15,92.3700,92.9000,93.2500,91.7900,18859351
2015-09-16,92.9000,93.4500,93.6000,92.6300,16321193
2015-09-17,93.3700,94.3400,95.5100,92.9000,27841803
2015-09-18,93.2000,94.4000,95.1900,93.0500,62299984
2017-11-10,178.3500,178.4600,179.1000,177.9600,10933405
2015-06-11,82.3100,81.8300,82.9000,81.3600,18656811
2015-06-10,80.8300,82.1600,82.6000,80.8100,21531208
2015-06-12,81.3700,81.5300,82.0900,81.2000,11417882
2015-06-15,80.5500,80.7100,80.9300,80.0700,18805087
2015-06-17,81.7600,81.7900,82.2200,81.3400,18350287
2015-06-16,80.8200,81.0600,81.5100,80.4500,13693666
2015-06-19,82.8300,82.5100,82.9800,82.1200,23353194
2015-06-18,81.6400,82.9050,83.1900,81.5700,26782573
2012-05-21,36.5300,34.0300,36.6600,33.0000,168192700
2012-05-24,32.9500,33.0300,33.2100,31.7700,50237200
2012-05-25,32.9000,31.9100,32.9500,31.1100,37149800
2014-04-29,56.0900,58.1500,58.2800,55.8400,75557000
2014-04-28,58.0500,56.1400,58.3100,54.6600,107758000
2014-04-25,59.9700,57.7100,60.0100,57.5700,92502000
2014-04-24,63.6000,60.8700,63.6500,59.7700,138769000
2014-04-23,63.4500,61.3600,63.4800,61.2600,96565000
2014-04-22,62.6500,63.0301,63.4400,62.2200,60631000
2014-04-21,59.4600,61.2400,61.2400,59.1500,60364000
2015-02-19,76.9860,79.4200,79.8400,76.9500,45851177
2015-02-18,75.9400,76.7100,76.9000,75.4500,22426421
2015-02-17,75.3000,75.6000,76.9100,75.0800,25254400
2015-02-11,75.0900,76.5100,76.7500,75.0300,20877427
2015-02-10,74.8500,75.1900,75.3400,74.5000,15811344
2015-02-13,76.4600,75.7400,76.4800,75.5000,18621860
2015-02-12,76.8600,76.2300,76.8700,75.8900,17234976
2014-07-01,67.5800,68.0600,68.4400,67.3900,33166100
2014-07-02,68.0400,66.4500,68.3000,65.7900,41805900
2014-07-03,66.8550,66.2900,67.0000,65.7600,25203200
2014-07-07,66.3000,65.2900,66.5700,65.1200,28707100
2014-07-08,65.0600,62.7600,65.5600,62.2100,68855600
2014-07-09,63.4100,64.9700,65.1200,63.1500,51378000
2016-10-31,132.0100,130.9900,132.1200,130.8835,15668982
2016-06-27,111.5700,108.9700,111.5700,108.2300,36409606
2016-06-24,111.0100,112.0800,113.6800,111.0000,40643130
2017-06-08,154.0800,154.7100,154.7300,153.1000,17539521
2017-06-09,154.7700,149.6000,155.5900,146.6100,35256368
2016-06-21,114.1200,114.3800,115.2142,113.9700,19166269
2016-06-20,113.7700,113.3700,114.7200,112.7500,20785390
2017-06-05,153.6400,153.6300,154.7100,153.4100,12279871
2017-06-06,153.4100,152.8100,154.5200,152.4800,13291727
2017-06-07,153.2700,153.1200,153.7500,152.3400,11822136
2017-06-01,151.7500,151.5300,152.2900,150.3000,14459173
2017-06-02,151.8500,153.6100,153.6300,151.3000,16787255
2016-06-28,110.6300,112.7000,112.7500,110.5500,26813842
2017-06-13,150.1500,150.6800,151.1800,148.9000,20316202
2017-06-12,148.1700,148.4400,149.2000,144.5600,33238543
2017-06-16,149.5900,150.6400,150.8300,148.6000,22169800
2017-05-12,150.4000,150.3300,150.4600,149.6300,9497040
2017-05-10,150.2300,150.2900,150.5200,148.8600,11653395
2017-05-11,150.3100,150.0400,150.6500,149.4100,11623865
2017-05-16,150.1100,149.7800,150.2100,149.0300,14420715
2017-05-17,148.0000,144.8500,148.6700,144.4200,27908167
2017-05-15,150.1700,150.1900,151.4800,149.7700,14909882
2017-05-18,144.7200,147.6600,148.1500,144.5100,21784326
2017-05-19,148.4500,148.0600,149.3900,147.9600,16101229
2016-11-18,118.3900,117.0200,119.1300,116.8400,22879303
2015-09-04,87.2000,88.2600,88.3900,86.7000,27328667
2015-09-03,89.7600,88.1500,89.8200,87.7300,27048198
2015-09-02,88.8200,89.8900,89.8900,87.6300,27190527
2015-09-01,86.9900,87.2300,89.3900,86.5000,36097370
2016-11-10,123.9300,120.8000,124.1800,115.2700,67846704
2016-11-11,119.5300,119.0200,120.7000,118.1500,32840137
2016-11-16,114.4800,116.3400,117.8800,114.2100,32397947
2016-11-17,116.8100,117.7900,117.7900,116.0100,18597766
2016-11-14,119.1256,115.0800,119.1256,113.5535,51377040
2015-09-08,89.6900,89.5300,90.2400,88.8300,27012543
2015-06-24,87.6600,88.8600,89.2500,87.4500,41370227
2015-06-25,89.2600,87.9800,89.4000,87.8350,27301967
2015-06-26,88.1200,88.0100,88.3400,86.8283,38214647
2015-06-22,83.4100,84.7400,84.9700,83.3100,29383079
2015-06-23,84.9600,87.8800,87.9700,84.7600,50667853
2012-05-31,28.5450,29.6000,29.6700,26.8300,111639200
2012-05-30,28.6950,28.1900,29.5500,27.8600,57267900
2015-06-29,86.6100,85.8000,87.5000,85.7300,35957872
2015-02-20,79.5500,79.8950,80.3400,79.2000,36931698
2015-02-23,79.9600,78.8400,80.1900,78.3800,24139056
2015-02-24,78.5000,78.4500,79.4800,78.1000,18897133
2015-02-25,78.5000,79.5600,80.2000,78.5000,25593800
2015-02-26,79.8800,80.4100,81.3700,79.7200,31111891
2015-02-27,80.6800,78.9700,81.2300,78.6200,30739197
2012-09-04,18.0800,17.7290,18.2700,17.5500,46622400
2012-09-05,18.2700,18.5800,18.7500,18.1800,60781800
2012-09-06,18.7400,18.9600,19.2617,18.7200,46066500
2012-09-07,19.1000,18.9800,19.4200,18.7800,36371700
2014-07-17,67.0300,66.4099,67.8500,66.0400,38024200
2014-07-16,67.5400,67.6600,67.9400,67.0700,29541600
2014-07-15,67.9600,67.1650,68.0899,66.2600,44213200
2014-07-14,67.1300,67.9000,68.1700,66.9000,38468000
2014-07-11,65.2800,66.3400,66.5900,64.7900,39167800
2014-07-10,63.3100,64.8725,65.3400,63.0500,44388200
2013-11-22,47.0400,46.2300,47.2700,45.9600,40545000
2013-11-20,46.6100,46.4300,47.5500,46.3100,53933000
2013-11-21,46.9900,46.7000,47.4600,46.6850,34886000
2013-11-26,44.6600,45.8900,46.1700,43.5500,82016000
2013-11-27,45.9700,46.4900,46.6700,45.5300,44993000
2014-07-18,66.8000,68.4199,68.4600,66.1600,42262200
2014-06-03,62.6200,62.8700,63.4200,62.3200,32217000
2012-10-08,20.4000,20.4000,20.7500,20.1550,32236700
2012-10-09,20.3900,20.2270,20.5500,19.9700,27161800
2014-06-02,63.2300,63.0800,63.5900,62.0500,35947400
2012-10-02,22.0800,22.2700,22.4900,21.8200,29341400
2012-10-03,22.2950,21.8300,22.4900,21.8000,32000100
2012-10-01,22.0800,21.9900,22.5900,21.7300,51262700
2012-10-04,22.3200,21.9475,22.4000,21.4100,46892100
2012-10-05,21.4900,20.9100,21.6300,20.8800,40529300
2017-08-02,170.3000,169.3000,170.5500,166.9100,17061845
2017-08-01,169.8200,169.8600,170.4700,169.0500,14051379
2014-06-04,62.4500,63.3400,63.5900,62.0700,36514000
2017-08-07,169.9500,171.9800,172.0600,169.6600,12504157
2017-08-04,168.9700,169.6200,170.0600,168.6900,10360774
2013-07-30,35.6500,37.6270,37.9600,35.3200,173582800
2013-07-31,37.9600,36.8000,38.3100,36.3300,154828700
2017-09-14,172.2600,170.9600,172.2800,170.5000,15496424
2016-12-22,118.8600,117.4000,118.9900,116.9300,16258587
2016-12-23,117.0000,117.2700,117.5600,116.3000,10889985
2016-12-20,119.5000,119.0900,119.7700,118.8000,13684402
2016-12-21,118.9200,119.0400,119.2000,118.4800,10767646
2016-12-27,116.9600,118.0100,118.6800,116.8640,12051481
2017-06-15,147.6700,149.8000,150.0400,146.3700,18877305
2017-06-14,151.2600,150.2500,152.4000,149.0500,20552981
2017-06-19,151.7100,152.8700,153.5700,151.7100,18678807
2016-12-29,117.0000,116.3500,117.5310,116.0600,9934873
2017-09-13,173.0100,173.0500,173.1700,172.0600,8908633
2017-01-17,128.0400,127.8700,128.3400,127.4000,15294460
2017-01-12,125.6100,126.6200,126.7300,124.8000,18653914
2017-01-13,127.4900,128.3400,129.2700,127.3700,24884325
2017-01-10,124.8200,124.3500,125.5000,124.2800,17324590
2017-01-11,124.3500,126.0900,126.1200,124.0600,18356523
2017-01-18,128.4100,127.9200,128.4300,126.8400,13145852
2017-01-19,128.2300,127.5500,128.3500,127.4500,12195465
2017-05-01,151.7400,152.4600,152.5700,151.4200,24669159
2017-05-03,153.6000,151.8000,153.6000,151.3400,21755088
2017-05-02,153.3400,152.7800,153.4400,151.6600,21255365
2017-05-05,151.4500,150.2400,151.6300,149.7900,17051519
2017-05-04,150.1700,150.8500,151.5200,148.7200,36060301
2014-02-11,63.7500,64.8510,65.0000,63.3500,45675600
2017-05-09,151.4900,150.4800,152.5900,150.2100,17325999
2017-05-08,150.7100,151.0600,151.0800,149.7400,15662472
2016-11-09,121.5000,123.1800,123.8100,120.5100,31916020
2016-11-08,122.0300,124.2200,124.6100,121.5400,19460768
2017-09-18,171.9900,170.0100,172.0700,169.3400,12785437
2017-09-19,170.6200,172.5200,172.5600,170.3600,12911661
2016-11-01,131.4100,129.5000,131.9400,128.6500,22077779
2016-11-03,122.0000,120.0000,123.2800,119.5000,63766259
2016-11-02,130.2300,127.1700,130.2300,126.2800,50190225
2017-09-12,173.7600,172.9600,174.0000,171.7500,11051768
2016-11-04,119.5900,120.7500,121.9300,119.2500,30545466
2016-11-07,122.8300,122.1500,123.2089,121.3500,23008880
2017-09-11,172.4000,173.5100,173.8900,172.2000,12208441
2013-08-08,39.1300,38.5400,39.1900,38.4300,41301000
2013-08-09,38.5900,38.5000,38.7400,38.0100,43532300
2013-08-06,39.1100,38.5500,39.2500,37.9400,63950800
2013-08-07,38.6100,38.8700,38.9400,37.7000,68854800
2013-08-05,38.4300,39.1890,39.3200,38.2500,79994800
2013-08-02,37.6600,38.0500,38.4900,37.5000,73058500
2013-08-01,37.3000,37.4890,38.2900,36.9200,106066500
2015-07-27,96.5800,94.1700,96.6100,93.8301,38585381
2015-07-24,97.3500,96.9500,97.7600,95.8800,33444930
2017-07-14,160.1300,159.9700,160.3200,159.3300,16172560
2017-07-17,160.2500,159.7300,160.7800,158.8100,12567935
2016-04-29,116.8200,117.5800,117.8400,115.8400,37140594
2016-04-28,119.5750,116.7300,120.7900,116.2300,87110080
2016-04-21,112.5500,113.4400,114.0400,112.3100,20875230
2016-04-20,112.4300,112.4200,113.2700,111.5600,21027901
2016-04-22,111.2100,110.5600,111.7500,109.0100,38458201
2016-04-25,109.8700,110.1000,110.6700,109.0700,21017895
2016-04-27,107.9400,108.8900,108.9400,106.3100,52213107
2016-04-26,110.4900,108.7600,110.5000,108.1500,22521534
2015-06-30,86.6000,85.7650,86.7000,85.5700,23233183
2017-09-15,170.8800,171.6400,172.3400,170.2600,15468473
2012-09-19,21.9900,23.2900,23.3700,21.7700,78782800
2012-09-18,21.6000,21.8700,21.9800,21.3700,36760500
2012-09-17,22.6700,21.5200,22.7500,21.5000,50667600
2012-09-14,21.1300,22.0000,22.0800,20.9000,72819800
2012-09-13,20.9550,20.7130,21.4800,20.6100,65041600
2012-09-12,20.7600,20.9310,21.1600,20.2800,121584000
2012-09-11,18.9200,19.4300,19.5810,18.8500,50508200
2012-09-10,19.0600,18.8100,19.2000,18.5500,24797800
2015-10-16,96.1800,97.5400,97.5900,95.3500,25412856
2015-10-14,94.0800,94.0700,95.2000,93.6100,19253351
2015-10-15,94.9900,95.9600,96.3000,94.9000,27557516
2015-10-12,93.3200,94.2600,94.6000,92.6700,18449562
2015-10-13,93.6600,94.1200,95.3700,93.5500,19480347
2015-10-19,97.1800,98.4700,98.5700,96.9200,23729924
2012-10-19,19.0000,19.0000,19.0600,18.8000,34835000
2012-10-18,19.7000,18.9750,19.7900,18.8900,52157400
2012-10-11,19.8800,19.7500,19.9600,19.6100,21817300
2012-10-10,19.9300,19.6400,19.9400,19.4500,39321800
2012-10-12,19.7500,19.5181,19.8000,19.4800,18809400
2012-10-15,19.6800,19.5200,19.8800,19.4900,20189700
2012-10-17,19.5000,19.8800,20.4800,19.3718,44074500
2012-10-16,19.6800,19.4800,19.6900,19.3000,21834700
2017-10-30,179.2600,179.8700,180.6900,177.6100,24179258
2017-10-31,180.5700,180.0600,180.8000,178.9400,19766043
2013-04-08,27.1900,26.8490,27.2000,26.6300,27256000
2013-04-09,26.5800,26.5900,26.8900,26.4200,21311100
2013-04-02,25.7700,25.4200,26.1200,25.3000,35153300
2013-04-03,25.8300,26.2500,26.3900,25.7000,48195200
2013-04-01,25.6300,25.5300,25.8900,25.2800,22249300
2013-04-04,26.6200,27.0725,27.2301,26.1100,82016800
2013-04-05,26.8600,27.3900,27.8000,26.6100,64566600
2013-07-23,26.1000,26.1300,26.3000,25.9700,28221600
2013-07-22,25.9900,26.0450,26.1300,25.7200,27526300
2013-07-25,33.5450,34.3590,34.8800,32.7500,365457900
2013-07-24,26.3200,26.5100,26.5300,26.0500,82635600
2013-07-26,33.7700,34.0100,34.7300,33.5600,136028900
2013-07-29,34.0700,35.4300,35.6300,34.0100,124718800
2017-02-28,136.7900,135.5400,136.8100,134.7500,16112092
2017-02-27,135.2600,136.4100,137.1800,135.0200,14306668
2017-02-24,134.1600,135.4400,135.6200,134.1600,12625742
2017-02-22,133.6000,136.1200,136.7900,133.4600,27360092
2017-02-23,135.8900,135.3600,136.1200,134.3300,18422549
2017-02-21,133.5000,133.7200,133.9100,132.9000,14759109
2013-03-28,26.0900,25.5800,26.1700,25.5200,28585700
2013-03-25,25.7500,25.1310,25.8000,25.0780,39199000
2013-03-27,25.0000,26.0900,26.2800,24.7200,52297400
2013-03-26,25.0800,25.2050,25.4800,25.0300,26957200
2013-03-21,25.6600,25.7400,26.1100,25.5600,24336100
2013-03-20,26.6800,25.8600,26.6900,25.7800,44006500
2013-03-22,25.7960,25.7300,26.0100,25.6300,18456300
2016-12-30,116.5950,115.0500,116.8300,114.7739,18684106
2017-01-05,118.8600,120.6700,120.9500,118.3209,19492150
2017-01-04,117.5500,118.6900,119.6600,117.2900,19630932
2017-01-06,120.9800,123.4100,123.8800,120.0300,28545263
2017-01-03,116.0300,116.8600,117.8400,115.5100,20663912
2017-01-09,123.5500,124.9000,125.4300,123.0400,22880360
2017-05-30,151.9700,152.3800,152.9000,151.6400,13145329
2017-05-31,152.7000,151.4600,153.3500,151.0900,17709427
2012-06-12,27.4800,27.4000,27.7700,26.9600,15816800
2012-06-13,27.6600,27.2700,28.1000,27.1000,17102800
2012-06-11,27.1800,27.0050,28.0700,26.8350,28219600
2017-09-08,173.0900,170.9500,173.4900,170.8000,10936358
2012-06-14,27.6500,28.2900,28.3200,27.3800,16855000
2012-06-15,28.5050,30.0140,30.1000,28.3500,43563800
2017-09-05,171.2700,170.7200,172.3875,169.5500,13175866
2012-06-18,29.9550,31.4100,32.0800,29.4100,42978900
2017-09-06,170.9100,172.0900,172.4800,169.5700,13659317
2016-11-30,120.3200,118.4200,121.7900,117.9500,30188922
2015-08-28,89.9400,91.0100,91.4800,89.7920,33215885
2015-08-20,93.5400,90.5600,94.7700,90.4600,44598224
2015-08-21,87.5200,86.0600,89.1800,85.6100,62778680
2015-08-26,85.9500,87.1900,87.4600,83.2600,45124302
2015-08-27,89.1900,89.7300,90.0600,87.1900,42431375
2015-08-24,77.0300,82.0900,87.1400,72.0000,83710727
2015-08-25,86.9500,83.0000,87.6700,83.0000,52021230
2013-08-19,37.4300,37.8100,38.2800,37.1400,57609600
2013-08-15,36.3600,36.5600,37.0700,36.0201,56521100
2013-08-14,36.8300,36.6500,37.5500,36.6200,48423900
2013-08-16,36.9700,37.0800,37.4900,36.9000,45840800
2013-08-13,38.2400,37.0190,38.3200,36.7700,65379200
2013-08-12,38.2000,38.2200,38.5000,38.1000,31161000
2015-04-27,81.8700,81.9100,82.9300,81.6300,25446032
2015-04-24,82.7700,81.5300,82.9400,81.4800,29660356
2015-04-22,84.3200,84.6300,84.7400,83.6500,45547963
2015-04-23,84.1000,82.4100,85.5900,82.4100,73728080
2015-04-20,81.5400,83.0900,83.1500,81.2400,28796761
2015-04-21,84.0000,83.6200,84.4900,83.5400,27171852
2015-04-28,81.8300,80.6800,81.9000,80.2300,23775344
2015-04-29,80.0100,80.4650,81.3900,79.5200,26430258
2016-04-18,109.7400,110.4500,110.8100,109.2000,21167199
2016-04-19,111.1000,112.2900,112.4500,109.1600,30210455
2016-04-14,110.6200,110.8400,112.0400,110.2600,28473322
2016-04-15,110.7900,109.6400,110.9700,109.2000,20922803
2016-04-11,110.7000,108.9900,110.9100,108.7700,39762304
2016-04-12,109.3400,110.6100,111.1645,108.9900,26248081
2016-04-13,112.2300,110.5100,112.6500,106.5200,88227393
2012-05-18,42.0500,38.2318,45.0000,38.0000,573576400
2015-03-18,79.2500,80.9100,81.2400,79.1700,36912446
2015-03-19,81.1200,82.7500,83.0000,81.0000,42099523
2015-03-12,78.1000,78.9300,79.0500,77.9100,16093319
2015-03-13,78.6000,78.0500,79.3800,77.6800,18557296
2015-03-10,78.5000,77.5500,79.2600,77.5500,23067057
2015-03-11,77.8000,77.5700,78.4300,77.2600,20215704
2015-03-16,77.9600,78.0700,78.1200,77.3600,19305406
2015-03-17,78.3600,79.3650,79.7800,78.3400,22169969
2013-11-08,47.8100,47.5300,48.6500,47.2500,70731000
2013-11-04,49.3650,48.2200,49.7500,48.0200,80371000
2013-11-05,47.7900,50.1050,50.1800,47.5100,76835000
2013-11-06,50.2600,49.1200,50.4500,48.7100,67889000
2013-11-07,49.2400,47.5600,49.8700,47.3000,97128000
2013-11-01,50.8500,49.7500,52.0900,49.7200,95033000
2015-10-05,92.9400,94.0100,94.2700,92.6600,27292517
2015-10-07,93.1100,92.4000,93.6600,91.3700,24129277
2015-10-06,94.0800,92.8000,94.1700,92.3400,22488275
2015-10-01,90.0500,90.9500,90.9500,88.3600,29283652
2015-10-02,88.9000,92.0700,92.2000,88.3700,37881652
2015-10-09,92.9000,93.2400,93.7400,92.2390,20012911
2015-10-08,91.8900,92.4700,93.2200,90.4700,27290523
2012-10-24,24.1300,23.2299,24.2500,22.8500,228949900
2012-10-25,23.2900,22.5600,23.3100,22.4700,76142000
2012-10-26,22.4000,21.9425,22.8800,21.8800,73175800
2012-10-22,19.2500,19.3210,19.4300,19.0500,32447300
2012-10-23,19.2500,19.5000,19.8000,19.1000,78381200
2017-10-20,175.5000,174.9800,175.8800,174.6300,11861307
2017-10-23,175.2000,171.2700,175.3400,171.2500,13622072
2017-10-25,171.9000,170.6000,172.2500,168.8900,15095603
2017-10-24,172.3000,171.8000,173.2400,171.5000,11629341
2017-10-27,174.1500,177.8800,178.2100,173.9000,29867490
2017-10-26,171.3800,170.6300,172.2900,170.3900,10932929
2014-06-30,67.4600,67.2900,67.9200,67.1300,27102800
2013-04-19,25.6200,25.7300,25.9600,25.3300,20380900
2013-04-18,26.8200,25.6900,26.8200,25.1500,39059000
2013-04-11,27.4800,28.0175,28.1000,27.2500,33368500
2013-04-10,27.0099,27.5700,27.8400,26.9000,45949400
2013-04-12,28.0000,27.4000,28.0000,27.2400,28697400
2013-04-15,27.1600,26.5200,27.4800,26.3600,30275400
2013-04-17,26.6500,26.6250,27.2000,26.3900,26440600
2013-04-16,26.8100,26.9200,27.1100,26.4000,27365900
2013-07-15,25.9300,26.2800,26.4300,25.6500,24234000
2013-07-16,26.3900,26.3200,26.7500,26.0100,30817600
2013-07-17,26.3700,26.6500,26.7800,26.3000,21518500
2013-07-10,25.5800,25.8000,25.8300,25.4700,26721800
2013-07-11,25.9600,25.8100,26.0000,25.4500,26777400
2013-07-12,25.7400,25.9100,25.9300,25.5500,16537900
2013-07-18,26.7500,26.1800,26.7700,26.1200,24806900
2013-07-19,25.8200,25.8810,26.1077,25.6000,46539700
2016-08-30,126.6000,125.8400,126.6000,125.1500,17804286
2016-08-31,125.6000,126.1200,126.2200,125.1000,14200636
2016-08-29,124.3500,126.5400,126.7300,124.3500,15925900
2013-03-11,28.0100,28.1400,28.6400,27.8300,35642100
2013-03-12,28.1000,27.8300,28.3200,27.6000,27569600
2013-03-13,27.6200,27.0800,27.6500,26.9200,39619500
2013-03-14,27.1000,27.0400,27.4300,26.8300,27646400
2013-03-15,27.0300,26.6450,27.0600,26.5600,31597400
2013-03-18,26.3700,26.4900,26.7900,25.7800,26653700
2013-03-19,26.5300,26.5500,26.9000,26.2100,25254200
2016-08-23,124.5100,124.3700,125.0900,124.2500,13309452
2016-08-22,123.3300,124.1500,124.8300,123.1100,14386361
2016-12-05,115.9500,117.4300,117.5700,115.0700,20201528
2016-12-06,117.6900,117.3100,117.7950,116.3300,19131202
2016-12-07,117.0000,117.9500,117.9500,116.5700,21913658
2016-12-01,118.3800,115.1000,118.4500,114.0000,43276994
2016-12-02,115.1100,115.4000,116.4800,114.3000,25070364
2017-01-30,131.5800,130.9800,131.5800,129.6000,18956095
2017-01-31,130.1700,130.3200,130.6600,129.5157,19790484
2016-12-08,117.9800,118.9100,119.5000,117.6400,22442756
2016-12-09,119.2200,119.6800,119.9400,118.9500,17464736
2013-12-23,55.5000,57.7700,58.3200,55.4500,98297000
2015-05-29,79.9500,79.1900,80.0700,78.8800,16134580
2013-12-20,54.9300,55.1200,55.1500,54.2300,239824000
2015-05-28,80.2500,80.1450,81.0745,80.0000,11982008
2013-12-27,57.4800,55.4400,57.6800,55.2500,60466000
2013-12-26,58.3200,57.7300,58.3800,57.3700,55101000
2017-05-23,148.5200,148.0700,148.8100,147.2500,12665886
2017-05-22,148.0800,148.2400,148.5900,147.6900,12379481
2013-12-24,58.2700,57.9600,58.5800,56.9100,46617800
2017-05-26,152.2300,152.1300,152.2500,151.1500,14907827
2017-05-25,150.3000,151.9600,152.5900,149.9500,19780399
2017-05-24,148.5100,150.0400,150.2300,148.4200,17769670
2016-11-23,121.2300,120.8400,121.3100,119.9400,15672136
2016-11-22,122.4000,121.4700,122.9800,120.9000,26089163
2016-11-21,118.2000,121.7700,121.9500,117.8000,35415366
2012-06-05,26.7000,25.8690,27.7600,25.7500,42473400
2012-06-04,27.2000,26.9000,27.6500,26.4400,35230300
2012-06-07,27.0000,26.3100,27.3500,26.1500,26159500
2014-10-29,75.4500,75.8600,76.8800,74.7800,106119520
2014-10-27,80.7400,80.2800,80.8000,79.7600,30168921
2016-11-29,120.5700,120.8700,122.1000,120.4000,18890956
2016-11-28,120.1200,120.4100,121.6900,119.8200,18101314
2014-10-22,78.8150,78.3700,79.8500,78.0100,41862393
2014-10-23,79.3800,80.0400,80.6300,79.0100,35055800
2014-10-20,75.6000,76.9500,77.0900,75.3800,34701260
2014-10-21,77.5600,78.6900,78.7400,77.1500,32252403
2015-08-31,90.5900,89.4300,91.0500,88.8900,32850666
2013-08-20,38.3500,38.4100,38.5800,37.6900,57995200
2013-08-21,38.3800,38.3200,38.8500,38.1450,46116900
2013-08-22,38.3700,38.5500,38.7500,38.3400,21931200
2013-08-23,39.0000,40.5500,40.6300,38.9300,86442300
2013-08-26,40.9000,41.3400,41.9400,40.6200,94162400
2013-08-27,40.6800,39.6400,41.2000,39.4200,72695100
2013-08-28,39.9600,40.5480,40.8500,39.8800,57918200
2013-08-29,40.8900,41.2800,41.7800,40.8000,58303400
2013-12-12,51.0450,51.8300,52.0700,50.6600,92723000
2013-12-13,51.6600,53.3200,53.5000,51.3400,82641000
2013-12-10,48.6400,50.2450,50.7700,48.5400,68479000
2013-12-11,50.5500,49.3800,50.7700,49.0100,65776000
2013-12-16,53.2500,53.8100,54.5000,52.9100,85119000
2013-12-17,54.7600,54.8600,55.1800,54.2400,78751000
2013-12-18,54.8600,55.5700,55.8900,53.7500,76003000
2013-12-19,54.3300,55.0500,55.1900,53.9500,89753200
2015-04-30,80.0100,78.7700,80.9600,78.3200,28999005
2016-04-01,113.7500,116.0600,116.1700,113.3500,24760504
2016-04-07,113.7900,113.6400,114.8900,113.0663,20714537
2016-04-06,112.4700,113.7100,113.8100,112.4200,20814640
2016-04-05,112.1100,112.2200,113.3200,111.9000,22962365
2016-04-04,114.0700,112.5500,114.5500,111.6100,48487913
2016-04-08,114.2500,110.6300,114.3300,109.9000,48497808
2015-03-09,79.6800,79.4400,79.9100,78.6300,18925097
2015-03-03,79.6100,79.6000,79.7000,78.5200,18634973
2015-03-02,79.0000,79.7500,79.8550,78.5200,21662537
2015-03-05,81.2300,81.2100,81.9900,81.0500,27825733
2015-03-04,79.3000,80.8950,81.1500,78.8500,28126686
2015-03-06,80.9000,80.0050,81.3300,79.8300,24488581
2013-11-13,46.2300,48.7100,48.7400,46.0600,79245000
2013-11-12,46.0000,46.6050,47.3700,45.8300,68196000
2013-11-11,47.0400,46.2000,47.5300,45.7300,80910000
2013-11-15,49.1100,49.0100,49.4800,48.7100,42453000
2013-11-14,48.7000,48.9900,49.5700,48.0300,75117000
2013-11-19,46.2600,46.3600,47.0000,45.7200,75602000
2013-11-18,48.4700,45.8300,48.8400,45.8000,85910000
2012-10-31,20.8200,21.1100,21.5000,20.7300,99378200
2017-10-16,174.4900,174.5200,175.0000,174.0600,11225293
2017-10-17,174.7100,176.1100,176.1300,174.3600,15381990
2017-10-10,173.0000,171.5900,173.2000,170.8000,11231234
2017-10-11,171.9500,172.7400,172.7800,171.4000,11023310
2017-10-12,172.6100,172.5500,173.8500,172.2900,10312488
2017-10-13,173.4500,173.7400,174.6500,173.2000,13305724
2017-10-18,176.6500,176.0300,176.7400,175.7500,12655492
2017-10-19,174.9300,174.5600,176.0300,172.6300,13602869
2015-07-02,87.4000,87.2850,87.4400,86.3401,16908781
2014-06-20,64.4600,64.5000,64.8100,63.3500,46407900
2014-06-23,64.3200,65.3700,65.6600,64.2200,34434000
2014-06-25,65.5800,67.4400,67.4800,65.5700,44245500
2014-06-24,65.3600,65.7200,67.1700,65.2700,57284100
2014-06-27,67.3100,67.6000,67.7000,66.8400,46444300
2014-06-26,68.0000,67.1300,68.0000,66.9000,47646700
2013-04-29,27.1600,26.9800,27.4100,26.8600,29201100
2013-04-24,25.9300,26.1100,26.4000,25.8000,19729900
2013-04-25,26.0700,26.1400,26.4000,26.0000,17150000
2013-04-26,26.6000,26.8500,27.6200,26.6000,33018000
2013-04-22,25.8100,25.9700,26.3600,25.7000,25687600
2013-04-23,26.2150,25.9800,26.3300,25.7700,25191500
2017-04-28,149.5000,150.2500,151.5300,149.0700,30280373
2014-05-08,57.2300,56.7600,58.8200,56.5000,61251000
2014-05-09,56.8500,57.2400,57.6500,56.3800,52584000
2014-05-02,61.3000,60.4600,61.8900,60.1800,54189000
2014-05-01,60.4300,61.1500,62.2800,60.2100,82429000
2014-05-06,60.9800,58.5300,61.1500,58.4900,55901000
2014-05-07,58.7700,57.3900,59.3000,56.2600,78587000
2014-05-05,59.6700,61.2200,61.3500,59.1800,46057000
2015-10-30,104.5100,101.9700,104.7200,101.6500,33487104
2013-07-09,25.0700,25.4800,25.4900,25.0300,30387900
2013-07-08,24.4700,24.7100,25.0400,24.4200,27064600
2013-07-03,24.2200,24.5200,24.7100,24.1500,10404400
2013-07-02,24.7000,24.4100,24.7700,24.3000,18394100
2013-07-01,24.9694,24.8100,25.0601,24.6200,20582200
2013-07-05,24.6500,24.3700,24.6600,24.2000,20229500
2012-08-30,19.2700,19.0885,19.4500,19.0600,30647500
2012-08-31,18.6800,18.0580,18.7000,18.0300,58764200
2014-01-06,54.4200,57.2000,57.2600,54.0500,68852600
2014-01-07,57.7000,57.9200,58.5500,57.2200,77207400
2014-01-02,54.8300,54.7100,55.2200,54.1900,43195500
2014-01-03,55.0200,54.5570,55.6500,54.5300,38246200
2016-08-25,123.1200,123.8900,124.3700,123.1000,10730811
2016-08-24,124.4700,123.4800,124.6900,123.0900,12243719
2016-08-26,124.0500,124.9600,125.1900,123.9100,17504825
2014-01-08,57.6000,58.2300,58.4100,57.2300,56682400
2014-01-09,58.6500,57.2200,58.9600,56.6500,92253300
2017-02-01,132.2500,133.2300,133.4900,130.6800,50139775
2017-02-02,133.2200,130.8400,135.4900,130.4000,54366447
2017-02-03,131.2400,130.9800,132.8500,130.7600,24804890
2017-02-06,130.9800,132.0600,132.0600,130.3000,17058494
2017-02-07,132.2400,131.8400,133.0000,131.6600,14596449
2017-02-08,132.6000,134.2000,134.4400,132.4400,22390556
2017-02-09,134.4900,134.1400,134.5000,133.3100,16470609
2013-03-07,27.5700,28.5780,28.6750,27.4700,74540200
2013-03-06,28.1000,27.4525,28.1300,27.3500,33532600
2013-03-05,27.8800,27.5200,28.1800,27.2100,40622200
2013-03-04,27.7600,27.7200,28.0600,27.4400,32400700
2013-03-01,27.0500,27.7800,28.1164,26.8100,54064800
2013-03-08,28.4250,27.9600,28.4700,27.7300,44198900
2016-12-19,119.8500,119.2400,120.3600,118.5100,15918146
2016-12-13,117.8600,120.3100,121.5200,117.6100,29768028
2016-12-12,119.2200,117.7700,119.2400,117.6500,17805527
2016-12-16,120.9000,119.8700,121.5000,119.2700,25324299
2016-12-15,120.0800,120.5700,122.5000,119.6300,20139568
2016-12-14,120.0000,120.2100,121.6900,118.8500,25913095
2017-01-27,132.6800,132.1800,132.9500,131.0800,19539514
2017-01-26,131.6300,132.7800,133.1400,131.4401,20020141
2017-01-25,130.0000,131.4800,131.7400,129.7700,18777314
2017-01-24,129.3800,129.3700,129.9000,128.3800,15162724
2017-01-23,127.3100,128.9300,129.2500,126.9500,16593563
2017-01-20,128.1000,127.0400,128.4800,126.7800,19097223
2016-07-01,114.2000,114.1900,115.1300,113.8100,14980023
2016-07-06,113.3600,116.7000,116.7900,112.9700,24337586
2016-07-07,116.6300,115.8500,116.9700,115.3600,16630201
2016-07-05,113.9400,114.0000,114.1100,112.9700,14207037
2016-07-08,116.4300,117.2400,117.5000,115.8500,18142597
2017-09-27,165.9000,167.6800,168.3400,165.5700,18963276
2017-09-26,164.5000,164.2100,165.5000,162.7800,22866403
2017-09-25,169.2400,162.8700,169.3000,161.5600,40538994
2017-09-22,170.2100,170.5400,171.7300,169.2200,11835708
2017-09-21,171.6900,171.1100,172.2700,170.0100,11054545
2017-09-20,172.5000,172.1700,173.0500,170.7000,11899057
2014-10-31,74.9300,74.9900,75.7000,74.4500,44544325
2014-10-30,75.0500,74.1100,75.3500,72.9000,83269554
2017-09-29,168.8300,170.8700,171.6600,168.8100,15114619
2017-09-28,167.9400,168.7300,169.0700,167.1600,12084865
2015-08-04,93.7900,94.0600,94.7300,93.3300,20136036
2015-08-05,95.2500,96.4400,97.0900,95.1800,29629221
2015-08-06,97.1800,95.1200,98.7400,94.4200,42271318
2015-08-07,95.3800,94.3000,95.4000,93.6100,23199145
2015-08-03,93.5300,94.1400,95.0800,92.8000,29343117
2013-08-30,42.0250,41.2940,42.2600,41.0600,67735100
2016-06-22,114.6500,113.9100,114.7400,113.6100,14846329
2013-12-03,46.7500,46.7300,47.2000,46.2900,32086000
2013-12-02,46.9000,47.0600,47.5400,46.2600,50774000
2013-12-05,48.1500,48.3400,48.7000,47.8700,43855000
2013-12-04,46.4600,48.6200,48.7700,46.2600,60890000
2013-12-06,48.9800,47.9400,49.3900,47.7100,42938000
2013-12-09,48.0900,48.8400,48.9700,47.7400,36056000
2017-08-31,170.4000,171.9700,172.1500,170.0600,17226465
2016-05-03,117.5200,117.4300,118.1600,117.0200,24117463
2016-06-23,114.3700,115.0800,115.0900,113.5400,16176895
2015-03-30,83.8100,83.1950,84.3400,82.4100,24527686
2015-03-31,82.9000,82.2150,83.5000,82.2100,19734277
2015-04-08,82.6300,82.2750,83.1000,81.8400,18966732
2015-04-09,82.5000,82.1700,82.8000,81.7100,15927281
2012-05-29,31.4800,28.8400,31.6900,28.6500,78063400
2015-04-01,82.5000,81.6650,82.7200,80.8700,22058167
2015-04-02,82.2500,81.5550,82.5600,81.4400,19664053
2015-04-06,80.8000,82.4400,82.8100,80.8000,19062934
2015-04-07,82.6500,82.3200,83.4200,82.2200,17467042
2012-05-22,32.6100,31.0000,33.5900,30.9400,101786600
2017-10-09,172.7000,172.5000,174.8800,172.0000,14472612
2012-05-23,31.3700,32.0000,32.5000,31.3600,73600000
2017-10-03,169.3000,169.9600,170.7300,169.2000,8054219
2017-10-02,171.3900,169.4700,171.8700,168.7500,13104304
2017-10-06,170.2500,172.2300,172.3700,169.7500,12670089
2017-10-05,169.1800,171.2400,171.3100,168.6000,14013869
2017-10-04,169.8300,168.4200,170.6700,168.2900,11829323
2014-06-16,64.1600,64.1900,64.8800,63.7500,30856800
2014-06-17,64.1000,64.4000,64.8800,63.9300,27636500
2014-06-10,63.5300,65.7700,65.8200,63.5000,69206900
2014-06-11,65.3200,65.7810,65.8000,64.9000,44158300
2014-06-12,65.8500,64.2901,66.4700,64.0600,55642800
2014-06-13,64.7000,64.5000,64.9700,63.8300,29383800
2014-06-18,64.4900,65.6000,65.7500,64.0500,35493200
2014-06-19,65.4600,64.3415,65.5756,64.2100,34133800
2013-04-30,27.1300,27.7690,27.8500,27.0050,36245700
2014-05-19,57.8900,59.2100,59.5600,57.5700,43034000
2014-05-13,59.6600,59.8300,60.8900,59.5100,48525000
2014-05-12,57.9800,59.8300,59.9000,57.9800,48575000
2014-05-15,59.2600,57.9190,59.3800,57.5200,56814000
2014-05-14,59.5300,59.2300,60.4500,58.9500,47429000
2014-05-16,58.3100,58.0199,58.4500,57.3100,47933000
2015-10-29,103.9600,104.8800,105.1200,103.5200,20316691
2015-10-28,103.9000,104.2000,104.4800,102.9200,24081515
2015-10-27,102.9400,103.7000,104.1000,102.4000,23795472
2015-10-26,102.2000,103.7700,103.8100,101.5500,25961212
2015-10-23,101.9100,102.1900,102.8500,100.1600,42809661
2015-10-22,97.7900,99.6700,99.7300,97.5500,26392075
2015-10-21,97.3700,97.1100,98.1800,96.4700,22003730
2015-10-20,98.7300,97.0000,99.5900,96.5600,30881777
2012-08-29,19.3200,19.1000,19.3800,19.0700,16124700
2012-08-28,19.1000,19.3400,19.3800,18.9500,25417000
2012-08-21,19.5800,19.1590,19.9800,19.0900,70640600
2012-08-20,19.0500,20.0110,20.1300,18.7500,101186600
2012-08-23,19.5000,19.4400,19.7300,19.3600,32813700
2012-08-22,19.3600,19.4390,19.5300,18.9600,49892200
2012-08-24,19.5200,19.4090,19.6800,19.2500,29622200
2012-08-27,19.4900,19.1500,19.5300,19.1000,20704000
2014-01-15,57.9800,57.6000,58.5700,57.2700,33663400
2016-08-11,125.2000,124.9000,125.3800,124.7500,11729519
2016-08-12,124.7000,124.8800,125.0000,124.1800,12158955
2014-01-16,57.2600,57.1900,58.0200,56.8300,34541800
2016-08-15,124.9100,123.9000,124.9200,123.7000,19295130
2016-08-16,123.5000,123.3000,123.9200,122.7800,14222410
2016-08-17,123.6600,124.3700,124.3800,122.8500,13794179
2016-08-18,124.0100,123.9100,124.2600,123.6400,12400816
2016-08-19,123.6000,123.5600,124.1570,123.2800,11688265
2017-02-17,133.5000,133.5300,134.0900,133.1700,12276490
2017-02-16,133.0700,133.8400,133.8700,133.0200,12831092
2017-02-15,133.4500,133.4400,133.7000,132.6600,13226534
2017-02-14,134.1000,133.8500,134.2300,132.5500,14364877
2017-02-13,134.7000,134.0500,134.7000,133.7000,13526221
2017-02-10,134.1000,134.1900,134.9400,133.6800,15061939
2015-12-23,105.8900,104.6300,106.1100,103.8600,19599673
2013-01-11,31.2800,31.7200,31.9600,31.1000,89598000
2014-02-28,69.4700,68.4600,69.8800,67.3800,66783700
2014-02-25,70.9500,69.8500,71.0000,69.4500,52077000
2014-02-24,68.7400,70.7800,71.4400,68.5400,76620300
2014-02-27,69.3400,68.9400,70.0100,68.8700,41653700
2014-02-26,70.1900,69.2600,71.2200,68.8500,55322700
2014-02-21,69.6900,68.5900,69.9600,68.4500,70932400
2014-02-20,67.7300,69.6300,70.1100,65.7270,130928900
2015-12-24,104.7400,105.0200,105.3200,104.5000,6512134
2016-07-11,117.7100,117.8700,118.7000,117.5000,17711570
2016-07-13,118.3900,116.7800,118.4000,116.6800,16207662
2016-07-12,118.6300,117.9300,118.7200,117.5700,15217700
2016-07-15,117.7400,116.8600,118.2800,116.5800,16645964
2016-07-14,117.5000,117.2900,117.6400,116.7000,14579736
2016-07-19,118.9900,120.6100,120.8500,118.6600,21541292
2016-07-18,117.3200,119.3700,119.6100,116.8900,20868367
2012-06-29,31.9200,31.0950,31.9900,30.7600,19526900
2012-06-28,31.9600,31.3600,32.1900,30.9000,17713300
2012-06-22,32.4100,33.0500,33.4500,32.0600,74834000
2012-06-21,31.6700,31.8400,32.5000,31.5100,21875300
2012-06-20,31.9200,31.6000,31.9288,31.1500,15553600
2012-06-27,32.4600,32.2300,32.9000,31.9000,28568000
2012-06-26,32.6900,33.1000,33.4400,32.5000,24858700
2012-06-25,32.8600,32.0600,33.0200,31.5500,24352900
2014-10-01,78.7800,76.5500,78.8200,75.9000,55090157
2014-10-02,76.5700,77.0800,77.4800,75.6400,36487612
2014-10-03,77.7600,77.4400,78.0600,77.2600,23340173
2014-10-06,77.1900,77.5550,77.8900,76.8500,25729191
2014-10-07,77.0500,76.2900,77.9500,76.2400,25317488
2014-10-08,76.1800,77.5200,77.7100,75.1000,32975514
2014-10-09,77.2800,75.9100,77.7601,75.8500,32487174
2015-08-13,94.0500,93.4300,94.7300,93.3500,17451768
2015-08-12,92.7000,94.1900,94.4400,91.1900,27120375
2015-08-11,93.7300,93.6200,94.7600,92.9006,22491031
2015-08-10,95.6800,94.1500,95.9000,93.6300,21624153
2015-08-17,94.4200,93.9300,94.4600,93.3900,18313531
2015-08-14,93.5400,94.4200,94.7200,93.2100,15929656
2015-08-19,94.6300,95.3100,96.1000,94.1610,23251271
2015-08-18,94.0800,95.1700,95.8500,94.0400,22278848
2014-03-27,60.5100,60.9700,61.9000,57.9800,112650000
2013-09-18,44.8400,45.2300,45.4700,44.3950,79317000
2013-09-19,45.5100,45.9800,46.0500,45.2300,63972400
2013-09-12,45.5300,44.7500,45.6200,44.6500,68072300
2013-09-13,45.0400,44.3100,45.0800,43.9300,52765300
2013-09-10,44.2400,43.6000,44.2600,43.2300,54540300
2013-09-11,43.3900,45.0400,45.0900,43.1100,72328300
2013-09-16,44.8500,42.5100,44.9400,42.4300,70424200
2013-09-17,42.5000,45.0700,45.4400,42.4300,91934600
2014-09-08,77.2600,77.8900,78.1700,77.0100,28149300
2014-09-09,77.5900,76.6700,78.1700,76.2000,28769300
2014-09-04,75.8900,75.9500,76.9300,75.5300,26625500
2014-09-05,76.1000,77.2600,77.3800,75.5980,29407300
2014-09-02,75.0100,76.6800,76.7000,74.8200,34785800
2014-09-03,77.1400,75.8300,77.4800,75.6000,32330200
2013-12-30,54.9300,53.7100,55.1800,53.4300,68307000
2013-12-31,54.1200,54.6490,54.8600,53.9100,43076200
2015-07-16,90.2800,90.8500,90.8600,89.7700,21804086
2015-07-17,92.5500,94.9700,95.3900,92.5400,54001635
2015-07-14,90.4600,89.6800,90.8000,89.6500,26627849
2015-07-15,90.0000,89.7600,90.9900,89.4200,30886601
2015-07-13,88.6600,90.1000,90.2200,88.4200,29976670
2015-07-10,87.3500,87.9500,88.2200,86.7700,23245873
2016-03-08,104.7800,105.9300,107.3700,104.4000,25204666
2016-03-09,106.7000,107.5100,107.5100,105.4900,20493305
2016-03-07,108.0700,105.7300,108.0700,104.7200,31534055
2016-03-04,110.0500,108.3900,110.0500,107.9300,24938858
2016-03-02,109.6800,109.9500,110.5500,108.7700,25670170
2016-03-03,110.2500,109.5800,110.3000,108.5400,21353092
2016-03-01,107.8300,109.8200,109.8200,107.6000,26817309
2015-03-23,83.9200,84.4300,84.9600,83.3000,27357333
2015-03-20,83.3900,83.8000,84.6000,83.0700,44466323
2015-03-27,83.3800,83.3000,83.9500,82.8800,18372582
2015-03-26,82.7200,83.0100,83.7700,82.1400,32794800
2015-03-25,85.5000,82.9200,85.5200,82.9200,37436147
2015-03-24,84.7100,85.3100,86.0699,84.5200,32576522
2015-04-17,81.4800,80.7750,82.1100,80.3700,24214983
2015-04-16,82.4700,82.3100,83.0700,82.1500,13769687
2015-04-15,83.5500,82.7050,83.6600,82.2700,22390943
2015-04-14,83.1700,83.5150,83.6900,82.4400,19634173
2015-04-13,81.9300,83.0100,83.9400,81.9200,26883094
2015-04-10,82.2100,82.0400,82.6100,81.9100,12529738
2014-05-28,63.3900,63.5100,64.1400,62.6200,47795000
2014-05-29,63.8400,63.8300,64.3000,63.5100,42700000
2014-05-27,61.6200,63.4800,63.5100,61.5700,55682000
2014-05-20,59.5000,58.5600,60.1900,58.1800,53931000
2014-05-21,58.5600,60.4900,60.5000,58.2500,58992000
2014-05-22,60.9400,60.5200,61.4800,60.4000,54200000
2014-05-23,60.4100,61.3510,61.4500,60.1500,38294000
2013-02-28,26.8400,27.2500,27.3000,26.3400,83027800
2014-06-09,62.4000,62.8800,63.3400,61.7900,37573600
2012-08-14,21.4100,20.3800,21.6000,20.2500,39308800
2012-08-15,20.6400,21.2000,21.4100,20.4000,47861100
2012-08-16,20.4400,19.8700,20.4800,19.6900,157565300
2012-08-17,20.0050,19.0500,20.0800,19.0000,129293400
2012-08-10,21.4100,21.8070,21.8200,21.1300,25794700
2014-06-06,63.3700,62.5000,63.4800,62.1500,42386300
2014-06-05,63.6600,63.1860,64.3600,62.8200,47352000
2012-08-13,22.1500,21.6000,22.4500,21.4000,24973100
2016-08-05,124.9800,125.1500,125.8350,124.6184,20184035
2016-08-04,122.9400,124.3600,124.7900,122.5100,21065974
2016-08-03,123.0900,122.5100,123.9200,122.3100,18525332
2016-08-02,124.0600,123.0900,124.8000,122.0700,23968414
2016-08-01,123.8500,124.3100,124.5800,122.8600,25006850
2016-08-09,125.3400,125.0600,126.0900,124.5300,19620967
2016-08-08,125.2500,125.2600,125.4500,124.5500,15233929
2014-02-10,64.3000,63.5480,64.4900,63.4730,43666100
2012-07-20,29.0000,28.7600,29.4700,28.7200,11869100
2014-02-12,64.9200,64.4500,65.0600,64.0500,47282100
2014-02-13,64.1800,67.3300,67.3300,64.0500,61911700
2014-02-14,67.5000,67.0900,67.5800,66.7200,36694900
2014-02-18,66.9400,67.3000,67.5397,66.0700,43809900
2014-02-19,67.0500,68.0600,69.0800,67.0000,62087100
2016-09-30,128.0300,128.2700,128.5900,127.4500,18402945
2014-01-28,54.0200,55.1400,55.2800,54.0000,48191200
2014-01-29,54.6100,53.5300,54.9500,53.1900,92995600
2014-01-21,56.6000,58.5100,58.5800,56.5000,48669200
2014-01-22,58.8500,57.5100,59.3100,57.1000,61352900
2014-01-23,56.3700,56.6300,56.6800,55.6855,47951800
2014-01-24,56.1500,54.4500,56.4200,54.4000,55200700
2014-01-27,54.7300,53.5500,54.9401,51.8500,73924100
2016-07-25,121.3900,121.6300,121.8500,117.7800,18487449
2016-07-26,122.0000,121.2200,122.0700,120.7500,17611964
2016-07-27,122.4200,123.3400,125.0000,121.5100,52654239
2016-07-20,121.2500,121.9200,122.2000,120.5600,20046452
2016-07-21,121.9200,120.6100,122.1000,120.2500,17801663
2016-07-22,119.9000,121.0000,121.0100,119.3100,18422410
2016-07-28,127.5200,125.0000,128.3300,123.6300,78955758
2016-07-29,124.6500,123.9400,125.8400,123.7100,35058803
2014-10-28,80.1800,80.7700,81.1600,79.5700,74211768
2014-10-17,74.2300,75.9500,76.0000,73.7500,76341638
2014-10-16,70.7900,72.6300,73.3500,70.5800,53529459
2014-10-15,71.6900,73.2100,73.8000,70.3200,61528317
2014-10-14,74.0000,73.5900,74.1800,72.0500,50299288
2014-10-13,73.2300,72.9900,74.7800,72.5200,43937638
2014-10-10,75.5900,72.9100,76.5000,72.7600,52146162
2013-02-22,27.6200,27.1300,27.6300,26.8200,36350200
2013-02-20,28.9200,28.4620,29.0500,28.3300,42098200
2013-02-21,28.2800,27.2830,28.5500,27.1500,49642300
2013-02-26,27.3600,27.3900,27.4600,26.7000,31611700
2013-02-27,27.3400,26.8700,27.3400,26.6300,44319700
2013-02-25,27.1600,27.2700,27.6400,27.1500,34652000
2013-09-09,44.3600,44.0400,44.7900,43.7000,75794700
2013-09-03,41.8400,41.8700,42.1650,41.5100,48774900
2013-09-05,41.7900,42.6600,42.7650,41.7700,50035400
2013-09-04,42.0100,41.7800,42.1700,41.4400,42581900
2013-09-06,43.0900,43.9500,44.6100,42.4000,117535700
2014-09-19,77.4000,77.9100,78.3000,76.4400,76638600
2014-09-18,76.7700,77.0000,77.3300,76.5200,22983300
2014-09-15,77.1500,74.5800,77.2500,73.4300,49576900
2014-09-17,75.9600,76.4300,77.2500,75.5700,28647200
2014-09-16,73.5200,76.0800,76.2300,73.0700,37672600
2014-09-11,77.1300,77.9200,78.3600,77.0500,32219000
2014-09-10,76.5200,77.4300,77.9500,76.5100,29864000
2014-09-12,78.0200,77.4800,78.3000,77.1000,26676800
2015-07-09,86.7300,85.8800,87.6000,85.6499,23307402
2015-07-08,86.2900,85.6500,86.7500,85.4450,24399340
2015-07-07,87.8000,87.2200,87.8500,85.2310,33059921
2015-07-06,86.4900,87.5500,88.1846,86.3900,24635915
2015-07-01,86.7700,86.9100,87.9500,86.4900,25260045
2017-07-31,172.0000,169.2500,172.7200,168.5500,25157896
2016-03-18,111.5600,111.4500,112.4200,110.2700,36256877
2016-03-15,109.1100,110.6700,110.8300,108.8400,17618460
2016-03-14,109.2800,109.8900,110.3300,108.7700,17249365
2016-03-17,112.1500,111.0200,112.6900,110.7300,24241247
2016-03-16,110.4900,112.1800,112.5000,110.1000,24744778
2016-03-11,108.4800,109.4100,109.4200,107.9200,20697553
2016-03-10,107.9100,107.3200,108.6600,105.7699,24854284
2016-01-04,101.9500,102.2200,102.2400,99.7500,37912403
2016-01-07,100.5000,97.9200,101.4300,97.3000,45172906
2017-08-11,167.9500,168.0800,168.8200,166.8500,13664032
2017-08-10,170.0600,167.4000,170.5900,166.8500,20353485
2016-05-23,117.4200,115.9700,117.6000,115.9400,20441004
2017-08-17,169.3400,166.9100,169.8600,166.8500,16791591
2014-05-30,63.9500,63.3000,64.1700,62.5600,45253500
2017-03-16,140.2000,139.9900,140.2500,139.7300,13612942
2014-08-19,74.8100,75.2900,75.5800,74.7700,26618600
2012-08-03,20.3600,21.0900,22.1600,19.9000,80647000
2012-08-02,20.7700,20.0400,20.8400,19.8200,56374500
2012-08-01,21.5000,20.8800,21.5800,20.8400,44604400
2012-08-07,22.2000,20.7200,22.4500,20.5000,36782900
2012-08-06,21.3900,21.9200,22.1500,21.3000,27778900
2012-08-09,20.7500,21.0100,21.1700,20.6100,15610700
2012-08-08,20.7100,20.7200,21.1500,20.2200,29537400
2014-02-07,62.2700,64.3200,64.5700,62.2200,60704300
2014-02-06,61.4600,62.1600,62.7800,61.4600,42086500
2014-02-05,62.7400,62.1900,63.1600,61.2700,51685100
2014-02-04,62.0500,62.7500,63.1400,61.8200,45985500
2014-02-03,63.0300,61.4800,63.7700,60.7000,74866600
2017-09-07,171.9400,173.2100,173.3100,170.2700,17922494
2012-06-19,31.5350,31.9110,32.1800,30.7000,30849000
2017-09-01,172.4000,172.0200,172.9200,171.3100,11677589
2014-01-31,60.4700,62.5700,63.3700,60.1700,87794600
2014-01-30,62.1200,61.0800,62.5000,60.4600,150178900
2014-04-03,62.5500,59.4900,63.1700,59.1300,83859000
2015-01-08,76.7400,78.1750,78.2300,76.0800,23960953
2014-04-08,57.6800,58.1901,58.7100,57.1700,78836000
2013-09-30,50.1400,50.2300,51.6000,49.8000,100095000
2014-09-22,77.0000,76.8000,77.5300,75.9500,31917700
2017-03-31,142.3100,142.0500,142.6300,141.8900,11478265
2014-09-24,78.1000,78.5350,78.6200,77.5100,30596541
2014-09-25,78.6000,77.2200,78.9400,77.1300,37354970
2014-09-26,77.5900,78.7900,78.8416,77.3300,28872012
2014-09-29,78.1200,79.0000,79.1990,77.9100,34030635
2015-07-30,94.9100,95.2100,95.8100,91.8000,86211323
2015-07-31,94.9500,94.0100,96.3300,93.9500,46509045
2017-07-28,169.0700,172.4500,173.4300,169.0500,24036502
2017-07-25,165.0100,165.2800,165.5400,163.8600,15164613
2017-07-24,164.6400,166.0000,166.1700,164.3100,16595460
2017-07-27,174.7000,170.4400,175.4900,167.5000,68065163
2017-07-26,166.0100,165.6100,166.0100,164.1000,24081060
2017-07-21,164.1600,164.4300,165.0500,163.7500,14494667
2017-07-20,164.8000,164.5300,165.0000,162.8100,18293111
2016-03-21,111.6600,111.8500,112.3700,111.0300,18447974
2016-03-22,111.3600,112.2500,112.8800,111.1700,19001076
2016-03-23,112.0100,112.5400,113.1900,112.0000,18561974
2016-03-24,112.1300,113.0500,113.0900,111.6800,17839119
2016-03-28,113.3200,113.6900,114.5889,112.9500,21351751
2016-03-29,113.8300,116.1400,116.3200,113.6400,29825340
2014-07-28,75.1700,74.9200,75.5000,73.8500,41640000
2014-07-29,74.7200,73.7100,74.9200,73.4229,41126900
2016-02-29,107.6000,106.9200,108.9101,106.7500,32778992
2012-11-16,22.2500,23.5607,23.9300,22.1800,107182200
2012-11-14,20.1000,22.3600,22.5000,19.9300,229751000
2012-11-15,22.3400,22.1700,22.5000,21.6500,78857700
2012-11-12,19.1500,20.0700,20.1700,18.8700,67349200
2012-11-13,19.6050,19.8600,20.1100,19.5600,71775100
2012-11-19,23.9550,22.9200,24.1200,22.8200,85021300
2015-12-30,107.0000,106.2200,107.2500,106.0600,13115007
2015-12-31,106.0000,104.6600,106.1700,104.6200,18391064
2016-09-28,129.2100,129.2300,129.4700,128.4000,12047636
2016-09-29,129.1800,128.0900,129.2900,127.5500,14532241
2016-09-22,130.5000,130.0800,130.7300,129.5600,15538307
2016-09-23,127.5600,127.9600,128.6000,127.3000,28326266
2016-09-20,128.6500,128.6400,129.1700,128.0307,11083808
2016-09-21,129.1300,129.9400,130.0050,128.3900,14068336
2016-09-26,127.3700,127.3100,128.1600,126.8000,15064940
2016-09-27,127.6100,128.6900,129.0100,127.4300,15637111
2013-02-08,28.8900,28.5450,29.1700,28.5100,37708800
2013-02-04,29.0600,28.1090,29.2000,28.0100,92362200
2013-02-05,28.2600,28.6400,28.9600,28.0400,47948200
2013-02-06,28.7400,29.0500,29.2900,28.6600,38375900
2013-02-07,29.1100,28.6500,29.1500,28.2700,34540100
2013-02-01,31.0100,29.7300,31.0200,29.6300,85856700
2013-09-23,47.2800,47.1900,47.5500,46.2900,75177000
2017-08-03,169.3000,168.5900,169.7000,168.2500,10316246
2013-09-20,46.3200,47.4900,47.6000,45.7400,115508400
2013-09-27,50.2900,51.2400,51.2800,49.8600,81410500
2013-09-26,50.0100,50.3900,50.6000,49.5000,98220100
2013-09-25,49.2300,49.4600,49.5400,48.4600,87879700
2013-09-24,48.5050,48.4500,49.6600,48.1600,136716100
2017-08-08,171.8800,171.2300,173.0500,170.6200,13813683
2017-08-09,169.9800,171.1800,171.4500,169.5600,10597084
2017-03-21,141.1500,138.5100,142.3100,138.4000,29894784
2017-03-20,139.7100,139.9400,140.1900,139.2500,12099471
2017-03-23,139.4800,139.5300,140.3900,139.0900,13022801
2017-03-22,137.9300,139.5900,139.7900,137.6000,17055449
2017-03-24,140.0800,140.3400,141.0200,139.7600,16664683
2017-03-27,139.0500,140.3200,140.6500,138.7700,12800544
2014-09-30,79.3500,79.0400,79.7067,78.6000,35899444
2017-03-29,141.9900,142.6500,142.8600,141.4300,16527574
2017-03-28,140.3600,141.7600,141.9500,140.0100,14679436
2017-07-10,151.6900,153.5000,153.9800,151.5100,13296447
2017-07-11,153.3700,155.2700,155.4200,152.9100,13208251
2017-07-12,156.4900,158.9000,159.1600,156.2000,22483868
2017-07-13,158.7400,159.2600,159.7800,158.4227,13839891
2015-07-23,96.9600,95.4400,97.4500,94.8100,29418833
2015-07-22,96.7400,97.0400,97.5800,95.9200,28299518
2015-07-21,98.9500,98.3900,99.2400,97.1427,39453332
2015-07-20,95.8500,97.9100,98.6000,95.3600,54860541
2017-07-18,159.6600,162.8600,163.7300,159.4200,23621711
2017-07-19,163.5900,164.1400,165.7000,163.1700,25915988
2015-07-29,96.3200,96.9900,97.2800,94.7400,64648320
2015-07-28,94.8400,95.2900,95.5600,93.3100,35235993
2016-03-31,114.7000,114.1000,115.0100,113.7682,21207526
2016-03-30,116.7300,114.7000,116.9900,114.3550,33235184
2016-06-29,113.3700,114.1600,114.2500,113.0400,20968273
2012-11-05,21.1000,21.2500,21.4800,20.9200,31806700
2012-11-07,20.8500,20.4700,20.9500,20.3700,33396800
2012-11-06,21.2400,21.1712,21.3700,20.9900,29062700
2012-11-01,21.0800,21.2100,21.4400,21.0100,37713900
2012-11-02,21.2600,21.1800,21.6900,21.0700,38344400
2012-11-09,19.9550,19.2100,20.0000,19.1300,42295500
2012-11-08,20.5200,19.9900,20.7300,19.9800,34254600
2012-12-28,25.4800,25.9112,26.1100,25.1500,56574800
2012-12-26,27.0300,26.5100,27.1800,26.3750,33175400
2012-12-27,26.5500,26.0500,26.8000,25.5200,43481700
2012-12-24,26.5000,26.9300,26.9600,26.2000,28230100
2012-12-20,27.4900,27.3600,27.6000,27.1300,35574800
2012-12-21,26.6600,26.2600,27.0100,26.1200,54555200
2013-05-16,26.4800,26.1300,26.5500,25.9000,35499100
2013-05-17,26.4000,26.2500,26.6000,26.2000,29462700
2013-05-14,26.8854,27.0700,27.2800,26.8200,24930300
2013-05-15,26.9200,26.6000,26.9900,26.4000,30299800
2013-05-13,26.6000,26.8200,27.3250,26.5310,29068800
2013-05-10,27.1400,26.6800,27.3000,26.5700,30847100
2015-05-21,80.1900,80.4800,80.9200,80.0800,13402749
2015-05-20,80.4700,80.5500,81.1000,79.4600,23056899
2015-05-22,80.3500,80.5400,81.3100,80.2500,19567937
2015-05-27,79.6000,80.5500,80.6600,79.4300,14160865
2015-05-26,80.4300,79.3350,80.6000,79.0800,16321339
2015-01-30,78.0000,75.9100,78.1600,75.7500,42649491
2016-02-18,105.8000,103.4700,106.0000,103.0300,29593508
2016-02-19,102.5500,104.5700,105.0200,102.0600,32404516
2016-02-12,103.7400,102.0100,104.2400,101.0900,36176760
2016-02-10,101.5500,101.0000,103.2500,100.2400,45179370
2016-02-11,99.6000,101.9100,105.1100,98.8800,43670634
2016-02-16,103.8000,101.6100,103.9300,100.2400,45687224
2016-02-17,101.9400,105.2000,105.7200,100.4000,44073369
2015-11-09,107.0000,106.4900,108.2500,105.8600,26383540
2015-11-02,102.4600,103.3100,103.4700,101.1800,24003944
2015-11-03,103.2200,102.5800,103.6500,102.4000,21242341
2015-11-06,108.0400,107.0950,108.7400,105.9100,35084342
2015-11-04,103.1900,103.9400,104.1400,102.4800,43469308
2015-11-05,108.8000,108.7600,110.6500,107.9500,63232861
2016-08-10,125.0700,124.8800,125.4800,124.5400,10670148
2014-01-14,56.4600,57.7400,57.7800,56.1000,37503600
2014-01-17,57.3000,56.3000,57.8200,56.0700,40849200
2017-08-29,165.2500,168.0500,168.4300,165.0000,10992617
2014-01-10,57.1300,57.9400,58.3000,57.0600,42449500
2014-01-13,57.9100,55.9100,58.2500,55.3800,63010900
2015-12-21,104.9100,104.7700,105.1500,103.6000,16138786
2013-01-10,30.6000,31.3000,31.4500,30.2800,95316400
2015-12-22,105.2200,105.5100,105.6601,104.8100,14597122
2013-01-16,30.2100,29.8500,30.3500,29.5300,75332700
2013-01-17,30.0800,30.1400,30.4200,30.0300,40256700
2013-01-14,32.0800,30.9475,32.2100,30.6200,98892800
2013-01-15,30.6400,30.1000,31.7100,29.8800,173242600
2015-12-29,106.4200,107.2600,107.7400,106.2500,17179901
2015-12-28,105.0200,105.9300,105.9800,104.5300,13069733
2013-01-18,30.3100,29.6600,30.4400,29.2700,49631500
2014-03-28,61.3400,60.0100,61.9500,59.3350,67052000
2014-03-20,68.0100,66.9700,68.2300,66.8200,44439000
2014-03-21,67.5300,67.2400,67.9200,66.1786,59999900
2014-03-26,64.7400,60.3850,64.9500,60.3700,97503900
2017-03-30,142.4000,142.4100,142.9500,141.8500,12403997
2014-03-24,67.1900,64.1000,67.3600,63.3600,85696000
2014-03-25,64.8900,64.8900,66.1900,63.7800,68786000
2014-09-23,76.3300,78.2900,78.6300,76.0400,36721000
2013-05-01,27.8500,27.4300,27.9150,27.3100,64567600
2017-04-06,142.1100,141.1700,142.2200,140.9100,15103426
2017-04-07,141.2000,140.7800,141.5500,140.2400,11811439
2017-04-04,141.8600,141.7300,142.0900,141.2700,12948599
2017-04-05,142.2600,141.8500,143.4400,141.2900,17158059
2017-04-03,141.9300,142.2800,142.4700,140.8200,13563960
2013-02-13,27.3600,27.9075,28.3200,27.3100,50164000
2013-02-12,27.6700,27.3700,28.1600,27.1000,93498700
2013-02-11,28.6100,28.2600,28.6800,28.0400,37361800
2013-02-15,28.5200,28.3200,28.7500,28.0900,33109300
2013-02-14,28.0200,28.5000,28.6300,28.0100,35615800
2013-02-19,28.2300,28.9300,29.0800,28.1200,49396400
2013-05-08,26.8800,27.1200,27.3000,26.6500,34654900
2016-05-26,118.2400,119.4700,119.7601,117.9200,18481340
2016-05-27,119.5600,119.3800,119.8500,119.0100,13493563
2016-05-24,116.2400,117.7000,117.7300,116.1200,20183627
2016-05-25,118.1300,117.8900,118.6650,117.3800,20035494
2017-08-15,171.4900,171.0000,171.5000,170.0100,8621787
2017-08-14,170.0900,170.7500,171.0800,169.2900,12786286
2016-05-20,116.9600,117.3500,117.9900,116.9500,18944831
2017-08-16,171.2500,170.0000,171.3800,169.2400,15580549
2017-08-18,166.8400,167.4100,168.6700,166.2100,14933261
2017-03-14,139.4600,139.3200,139.4600,138.5200,12944018
2017-03-15,139.2900,139.7200,140.1000,138.4900,19344826
2014-08-18,74.0000,74.5900,74.7200,73.9600,23913200
2017-03-17,140.3400,139.8400,140.3400,139.7000,20592818
2017-03-10,138.9100,138.7900,139.4900,138.2200,16314113
2017-03-13,138.7100,139.6000,139.6800,138.6700,10955450
2014-08-12,73.0900,72.8300,73.3301,72.2200,27374400
2014-08-13,73.1200,73.7700,74.2500,73.0500,29198500
2014-08-11,73.4600,73.4400,73.9100,73.0600,24544100
2014-08-14,73.9700,74.2960,74.3800,73.6900,22182800
2014-08-15,74.3200,73.6300,74.6500,73.0000,38846600
2015-09-09,90.7800,90.4400,91.9800,90.1700,32551123
2016-11-15,116.7300,117.2000,118.4900,115.8300,34681369
2014-11-21,74.5000,73.7500,74.5000,73.5000,23060382
2014-11-20,72.8000,73.6000,73.9900,72.5100,19154862
2014-11-25,74.2100,75.6300,75.7400,74.1300,32250205
2014-11-24,73.5400,74.0100,74.3500,73.3500,22103831
2014-11-26,75.5300,77.6200,77.7800,75.5100,32721585
2014-11-28,77.6700,77.7000,78.2700,77.2300,15992035
2017-07-07,149.2500,151.4400,151.9900,149.1900,13229352
2017-07-06,149.0300,148.8200,150.0400,148.0000,14788811
2017-07-05,149.0000,150.3400,150.8500,148.1300,14037692
2017-07-03,151.7200,148.4300,152.1500,147.8000,13860113
2014-08-29,74.3000,74.8200,74.8200,74.0100,26224300
2014-12-08,76.1800,76.5200,77.2500,75.4000,25733853
2014-12-09,75.2000,76.8400,76.9300,74.7800,25358584
2014-12-02,75.3300,75.4600,75.9100,75.0400,16773884
2014-12-03,75.3800,74.8800,75.7300,74.4000,16689857
2014-12-01,77.2600,75.1000,77.3100,74.8000,31789866
2014-12-04,74.8300,75.2400,75.5500,74.6600,14390520
2014-12-05,75.8000,76.3600,76.7600,75.3600,24306446
2014-08-28,74.0000,73.8550,74.4300,73.7300,21922800
2013-06-28,24.6800,24.8800,24.9800,24.4200,96778900
2013-10-30,50.0000,49.0100,50.2100,48.7500,127073000
2013-10-31,47.1550,50.2050,52.0000,46.5000,248809000
2012-07-06,31.4400,31.7300,31.9000,31.2600,10945600
2012-07-05,31.3200,31.4700,31.6250,31.0200,10032100
2012-07-02,31.2500,30.7710,31.7300,30.5500,14122000
2012-07-03,30.9100,31.2000,31.4400,30.8000,8763600
2012-07-09,32.1000,32.1700,32.8800,31.9900,17785200
2016-01-22,96.4100,97.9400,98.0700,95.4900,30495387
2016-01-20,92.8300,94.3500,95.0000,89.3700,59051429
2016-01-21,94.9100,94.1600,95.9900,92.6200,30518939
2016-01-26,97.7600,97.3400,97.8800,95.6600,26877080
2016-01-27,97.7900,94.4500,97.8500,94.2300,58699359
2016-01-25,98.7200,97.0100,99.4800,96.9300,32482015
2016-01-28,107.2000,109.1100,110.3400,104.8100,107475327
2016-01-29,108.9900,112.2100,112.8400,108.8400,62739548
2012-12-31,26.2000,26.6197,26.9900,26.1100,60374500
2013-05-07,27.5500,26.8890,27.8500,26.8500,41259100
2013-05-06,28.3300,27.5700,28.4600,27.4800,43939400
2015-05-18,80.3300,80.8800,81.3800,80.2300,21613674
2015-05-19,81.2500,80.6300,81.6900,80.5500,17955389
2013-05-03,29.0400,28.3110,29.0700,28.1500,58506400
2013-05-02,28.0099,28.9700,29.0200,27.9800,104257000
2015-05-14,78.9400,81.3700,81.8450,78.6700,49437996
2015-05-15,81.4100,80.4200,81.5200,80.1800,27069884
2013-05-09,27.0800,27.0400,27.5500,26.8500,33457200
2015-05-11,78.4800,78.0100,79.0300,77.9300,18874054
2015-05-12,77.8700,77.4600,77.8900,76.7900,21285310
2015-05-13,77.7200,78.4400,78.5300,77.6500,21512309
2012-11-30,27.2600,28.0000,28.0000,26.7600,127049600
2015-01-27,76.7100,75.7800,76.8800,75.6300,20109977
2015-01-26,77.9800,77.4950,78.4700,77.2900,19260820
2015-01-21,76.1600,76.7400,77.3000,75.8500,25096737
2015-01-20,75.7200,76.2400,76.3100,74.8200,22821614
2015-01-23,77.6500,77.8300,78.1900,77.0400,16746503
2015-01-22,77.1700,77.6500,77.7500,76.6800,19519458
2013-06-26,24.5100,24.1600,24.6500,23.9900,29890300
2013-06-27,24.2400,24.6600,24.8400,24.2100,34694100
2013-06-24,23.9500,23.9350,24.1100,23.3800,40626000
2013-06-25,24.1400,24.2500,24.4300,24.0400,24713200
2015-01-29,76.8500,78.0000,78.0200,74.2100,61293468
2015-01-28,76.9000,76.2400,77.6380,76.0000,53306422
2013-06-20,24.2800,23.9000,24.7450,23.6500,42765600
2013-06-21,24.5900,24.5300,24.7000,24.0500,45833900
2016-02-09,97.1400,99.5400,102.4000,96.8200,62709018
2016-02-08,100.4100,99.7500,102.6800,97.4600,71229746
2016-02-01,112.2700,115.0900,115.7200,112.0100,46132726
2016-02-03,115.2700,112.6900,115.3407,109.7500,56919324
2016-02-02,114.8000,114.6100,117.5900,113.2000,59778571
2016-02-05,109.5100,104.0700,109.5800,103.1800,76894741
2016-02-04,111.8000,110.4900,111.9400,109.2500,38890199
